uniprot_id,sequence
P00720,MNIFEMLRIDERLRLKIYKDTEGYYTIGIGHLLTKSPSLNAAKSELDKAIGRNCNGVITKDEAEKLFNQDVDAAVRGILRNAKLKPVYDSLDAVRRCALINMVFQMGETGVAGFTNSLRMLQQKRWDEAAVNLAKSIWYNQTPNRAKRVITTFRTGTWDAYKNL
P01625,MVLQTQVFISLLLWISGAYGDIVMTQSPDSLAVSLGERATINCKSSQSVLYSSNNKNYLAWYQQKPGQPPKLLIYWASTRESGVPDRFSGSGSGTDFTLTISSLQAEDVAVYYCQQYYSTP
P03034,MSTKKKPLTQEQLEDARRLKAIYEKKKNELGLSQESVADKMGMGQSGVGALFNGINALNAYNAALLAKILKVSVEEFSPSIAREIYEMYEAVSMQPSLRSEYEYPVFSHVQAGMFSPELRTFTKGDAERWVSTTKKASDSAFWLEVEGNSMTAPTGSKPSFPDGMLILVDPEQAVEPGDFCIARLGGDEFTFKKLIRDSGQVFLQPLNPQYPMIPCNESCSVVGKVIASQWPEETFG
P03040,MEQRITLKDYAMRFGQTKTAKDLGVYQSAINKAIHAGRKIFLTINADGSVYAEEVKPFPSNKKTTA
P03050,MKGMSKMPQFNLRWPREVLDLVRKVAEENGRSVNSEIYQRVMESFKKEGRIGA
P03706,MVEINNQRKAFLDMLAWSEGTDNGRQKTRNHGYDVIVGGELFTDYSDHPRKLVTLNPKLKSTGAGRYQLLSRWWDAYRKQLGLKDFSPKSQDAVALQQIKERGALPMIDRGDIRQAIDRCSNIWASLPGAGYGQFEHKADSLIAKFKEAGGTVREIDV
P12497,MGARASVLSGGELDKWEKIRLRPGGKKQYKLKHIVWASRELERFAVNPGLLETSEGCRQILGQLQPSLQTGSEELRSLYNTIAVLYCVHQRIDVKDTKEALDKIEEEQNKSKKKAQQAAADTGNNSQVSQNYPIVQNLQGQMVHQAISPRTLNAWVKVVEEKAFSPEVIPMFSALSEGATPQDLNTMLNTVGGHQAAMQMLKETINEEAAEWDRLHPVHAGPIAPGQMREPRGSDIAGTTSTLQEQIGWMTHNPPIPVGEIYKRWIILGLNKIVRMYSPTSILDIRQGPKEPFRDYVDRFYKTLRAEQASQEVKNWMTETLLVQNANPDCKTILKALGPGATLEEMMTACQGVGGPGHKARVLAEAMSQVTNPATIMIQKGNFRNQRKTVKCFNCGKEGHIAKNCRAPRKKGCWKCGKEGHQMKDCTERQANFLREDLAFPQGKAREFSSEQTRANSPTRRELQVWGRDNNSLSEAGADRQGTVSFSFPQITLWQRPLVTIKIGGQLKEALLDTGADDTVLEEMNLPGRWKPKMIGGIGGFIKVRQYDQILIEICGHKAIGTVLVGPTPVNIIGRNLLTQIGCTLNFPISPIETVPVKLKPGMDGPKVKQWPLTEEKIKALVEICTEMEKEGKISKIGPENPYNTPVFAIKKKDSTKWRKLVDFRELNKRTQDFWEVQLGIPHPAGLKQKKSVTVLDVGDAYFSVPLDKDFRKYTAFTIPSINNETPGIRYQYNVLPQGWKGSPAIFQCSMTKILEPFRKQNPDIVIYQYMDDLYVGSDLEIGQHRTKIEELRQHLLRWGFTTPDKKHQKEPPFLWMGYELHPDKWTVQPIVLPEKDSWTVNDIQKLVGKLNWASQIYAGIKVRQLCKLLRGTKALTEVVPLTEEAELELAENREILKEPVHGVYYDPSKDLIAEIQKQGQGQWTYQIYQEPFKNLKTGKYARMKGAHTNDVKQLTEAVQKIATESIVIWGKTPKFKLPIQKETWEAWWTEYWQATWIPEWEFVNTPPLVKLWYQLEKEPIIGAETFYVDGAANRETKLGKAGYVTDRGRQKVVPLTDTTNQKTELQAIHLALQDSGLEVNIVTDSQYALGIIQAQPDKSESELVSQIIEQLIKKEKVYLAWVPAHKGIGGNEQVDGLVSAGIRKVLFLDGIDKAQEEHEKYHSNWRAMASDFNLPPVVAKEIVASCDKCQLKGEAMHGQVDCSPGIWQLDCTHLEGKVILVAVHVASGYIEAEVIPAETGQETAYFLLKLAGRWPVKTVHTDNGSNFTSTTVKAACWWAGIKQEFGIPYNPQSQGVIESMNKELKKIIGQVRDQAEHLKTAVQMAVFIHNFKRKGGIGGYSAGERIVDIIATDIQTKELQKQITKIQNFRVYYRDSRDPVWKGPAKLLWKGEGAVVIQDNSDIKVVPRRKAKIIRDYGKQMAGDDCVASRQDED
P12528,MTDITANVVVSNPRPIFTESRSFKAVANGKIYIGQIDTDPVNPANQIPVYIENEDGSHVQITQPLIINAAGKIVYNGQLVKIVTVQGHSMAIYDANGSQVDYIANVLKYDPDQYSIEADKKFKYSVKLSDYPTLQDAASAAVDGLLIDRDYNFYGGETVDFGGKVLTIECKAKFIGDGNLIFTKLGKGSRIAGVFMESTTTPWVIKPWTDDNQWLTDAAAVVATLKQSKTDGYQPTVSDYVKFPGIETLLPPNAKGQNITSTLEIRECIGVEVHRASGLMAGFLFRGCHFCKMVDANNPSGGKDGIITFENLSGDWGKGNYVIGGRTSYGSVSSAQFLRNNGGFERDGGVIGFTSYRAGESGVKTWQGTVGSTTSRNYNLQFRDSVVIYPVWDGFDLGADTDMNPELDRPGDYPITQYPLHQLPLNHLIDNLLVRGALGVGFGMDGKGMYVSNITVEDCAGSGAYLLTHESVFTNIAIIDTNTKDFQANQIYISGACRVNGLRLIGIRSTDGQGLTIDAPNSTVSGITGMVDPSRINVANLAEEGLGNIRANSFGYDSAAIKLRIHKLSKTLDSGALYSHINGGAGSGSAYTQLTAISGSTPDAVSLKVNHKDCRGAEIPFVPDIASDDFIKDSSCFLPYWENNSTSLKALVKKPNGELVRLTLATL
P69543,MIKVEIKPSQAQFTTRSGVSRQGKPYSLNEQLCYVDLGNEYPVLVKITLDEGQPAYAPGLYTVHLSSFKVGQFGSLMIDRLRLVPAK
Q10466,MTTQAPTFTQPLQSVVVLEGSTATFEAHISGFPVPEVSWFRDGQVISTSTLPGVQISFSDGRAKLTIPAVTKANSGRYSLKATNGSGQATSTAELLVKAETAPPNFVQRLQSMTVRQGSQVRLQVRVTGIPTPVVKFYRDGAEIQSSLDFQISQEGDLYSLLIAEAYPEDSGTYSVNATNSVGRATSTAELLVQGEEEVPAKKTKTIVSTAQISESRQTRIEKKIEAHFDARSIATVEMVIDGAAGQQLPHKTPPRIPPKPKSRSPTPPSIAAKAQLARQQSPSPIRHSPSPVRHVRAPTPSPVRSVSPAARISTSPIRSVRSPLLMRKTQASTVATGPEVPPPWKQEGYVASSSEAEMRETTLTTSTQIRTEERWEGRYGVQEQVTISGAAGAAASVSASASYAAEAVATGAKEVKQDADKSAAVATVVAAVDMARVREPVISAVEQTAQRTTTTAVHIQPAQEQVRKEAEKTAVTKVVVAADKAKEQELKSRTKEVITTKQEQMHVTHEQIRKETEKTFVPKVVISAAKAKEQETRISEEITKKQKQVTQEAIRQETEITAASMVVVATAKSTKLETVPGAQEETTTQQDQMHLSYEKIMKETRKTVVPKVIVATPKVKEQDLVSRGREGITTKREQVQITQEKMRKEAEKTALSTIAVATAKAKEQETILRTRETMATRQEQIQVTHGKVDVGKKAEAVATVVAAVDQARVREPREPGHLEESYAQQTTLEYGYKERISAAKVAEPPQRPASEPHVVPKAVKPRVIQAPSETHIKTTDQKGMHISSQIKKTTDLTTERLVHVDKRPRTASPHFTVSKISVPKTEHGYEASIAGSAIATLQKELSATSSAQKITKSVKAPTVKPSETRVRAEPTPLPQFPFADTPDTYKSEAGVEVKKEVGVSITGTTVREERFEVLHGREAKVTETARVPAPVEIPVTPPTLVSGLKNVTVIEGESVTLECHISGYPSPTVTWYREDYQIESSIDFQITFQSGIARLMIREAFAEDSGRFTCSAVNEAGTVSTSCYLAVQVSEEFEKETTAVTEKFTTEEKRFVESRDVVMTDTSLTEEQAGPGEPAAPYFITKPVVQKLVEGGSVVFGCQVGGNPKPHVYWKKSGVPLTTGYRYKVSYNKQTGECKLVISMTFADDAGEYTIVVRNKHGETSASASLLEEADYELLMKSQQEMLYQTQVTAFVQEPKVGETAPGFVYSEYEKEYEKEQALIRKKMAKDTVVVRTYVEDQEFHISSFEERLIKEIEYRIIKTTLEELLEEDGEEKMAVDISESEAVESGFDSRIKNYRILEGMGVTFHCKMSGYPLPKIAWYKDGKRIKHGERYQMDFLQDGRASLRIPVVLPEDEGIYTAFASNIKGNAICSGKLYVEPAAPLGAPTYIPTLEPVSRIRSLSPRSVSRSPIRMSPARMSPARMSPARMSPARMSPGRRLEETDESQLERLYKPVFVLKPVSFKCLEGQTARFDLKVVGRPMPETFWFHDGQQIVNDYTHKVVIKEDGTQSLIIVPATPSDSGEWTVVAQNRAGRSSISVILTVEAVEHQVKPMFVEKLKNVNIKEGSRLEMKVRATGNPNPDIVWLKNSDIIVPHKYPKIRIEGTKGEAALKIDSTVSQDSAWYTATAINKAGRDTTRCKVNVEVEFAEPEPERKLIIPRGTYRAKEIAAPELEPLHLRYGQEQWEEGDLYDKEKQQKPFFKKKLTSLRLKRFGPAHFECRLTPIGDPTMVVEWLHDGKPLEAANRLRMINEFGYCSLDYGVAYSRDSGIITCRATNKYGTDHTSATLIVKDEKSLVEESQLPEGRKGLQRIEELERMAHEGALTGVTTDQKEKQKPDIVLYPEPVRVLEGETARFRCRVTGYPQPKVNWYLNGQLIRKSKRFRVRYDGIHYLDIVDCKSYDTGEVKVTAENPEGVIEHKVKLEIQQREDFRSVLRRAPEPRPEFHVHEPGKLQFEVQKVDRPVDTTETKEVVKLKRAERITHEKVPEESEELRSKFKRRTEEGYYEAITAVELKSRKKDESYEELLRKTKDELLHWTKELTEEEKKALAEEGKITIPTFKPDKIELSPSMEAPKIFERIQSQTVGQGSDAHFRVRVVGKPDPECEWYKNGVKIERSDRIYWYWPEDNVCELVIRDVTAEDSASIMVKAINIAGETSSHAFLLVQAKQLITFTQELQDVVAKEKDTMATFECETSEPFVKVKWYKDGMEVHEGDKYRMHSDRKVHFLSILTIDTSDAEDYSCVLVEDENVKTTAKLIVEGAVVEFVKELQDIEVPESYSGELECIVSPENIEGKWYHNDVELKSNGKYTITSRRGRQNLTVKDVTKEDQGEYSFVIDGKKTTCKLKMKPRPIAILQGLSDQKVCEGDIVQLEVKVSLESVEGVWMKDGQEVQPSDRVHIVIDKQSHMLLIEDMTKEDAGNYSFTIPALGLSTSGRVSVYSVDVITPLKDVNVIEGTKAVLECKVSVPDVTSVKWYLNDEQIKPDDRVQAIVKGTKQRLVINRTHASDEGPYKLIVGRVETNCNLSVEKIKIIRGLRDLTCTETQNVVFEVELSHSGIDVLWNFKDKEIKPSSKYKIEAHGKIYKLTVLNMMKDDEGKYTFYAGENMTSGKLTVAGGAISKPLTDQTVAESQEAVFECEVANPDSKGEWLRDGKHLPLTNNIRSESDGHKRRLIIAATKLDDIGEYTYKVATSKTSAKLKVEAVKIKKTLKNLTVTETQDAVFTVELTHPNVKGVQWIKNGVVLESNEKYAISVKGTIYSLRIKNCAIVDESVYGFRLGRLGASARLHVETVKIIKKPKDVTALENATVAFEVSVSHDTVPVKWFHKSVEIKPSDKHRLVSERKVHKLMLQNISPSDAGEYTAVVGQLECKAKLFVETLHITKTMKNIEVPETKTASFECEVSHFNVPSMWLKNGVEIEMSEKFKIVVQGKLHQLIIMNTSTEDSAEYTFVCGNDQVSATLTVTPIMITSMLKDINAEEKDTITFEVTVNYEGISYKWLKNGVEIKSTDKCQMRTKKLTHSLNIRNVHFGDAADYTFVAGKATSTATLYVEARHIEFRKHIKDIKVLEKKRAMFECEVSEPDITVQWMKDDQELQITDRIKIQKEKYVHRLLIPSTRMSDAGKYTVVAGGNVSTAKLFVEGRDVRIRSIKKEVQVIEKQRAVVEFEVNEDDVDAHWYKDGIEINFQVQERHKYVVERRIHRMFISETRQSDAGEYTFVAGRNRSSVTLYVNAPEPPQVLQELQPVTVQSGKPARFCAVISGRPQPKISWYKEEQLLSTGFKCKFLHDGQEYTLLLIEAFPEDAAVYTCEAKNDYGVATTSASLSVEVPEVVSPDQEMPVYPPAIITPLQDTVTSEGQPARFQCRVSGTDLKVSWYSKDKKIKPSRFFRMTQFEDTYQLEIAEAYPEDEGTYTFVASNAVGQVSSTANLSLEAPESILHERIEQEIEMEMKEFSSSFLSAEEEGLHSAELQLSKINETLELLSESPVYPTKFDSEKEGTGPIFIKEVSNADISMGDVATLSVTVIGIPKPKIQWFFNGVLLTPSADYKFVFDGDDHSLIILFTKLEDEGEYTCMASNDYGKTICSAYLKINSKGEGHKDTETESAVAKSLEKLGGPCPPHFLKELKPIRCAQGLPAIFEYTVVGEPAPTVTWFKENKQLCTSVYYTIIHNPNGSGTFIVNDPQREDSGLYICKAENMLGESTCAAELLVLLEDTDMTDTPCKAKSTPEAPEDFPQTPLKGPAVEALDSEQEIATFVKDTILKAALITEENQQLSYEHIAKANELSSQLPLGAQELQSILEQDKLTPESTREFLCINGSIHFQPLKEPSPNLQLQIVQSQKTFSKEGILMPEEPETQAVLSDTEKIFPSAMSIEQINSLTVEPLKTLLAEPEGNYPQSSIEPPMHSYLTSVAEEVLSPKEKTVSDTNREQRVTLQKQEAQSALILSQSLAEGHVESLQSPDVMISQVNYEPLVPSEHSCTEGGKILIESANPLENAGQDSAVRIEEGKSLRFPLALEEKQVLLKEEHSDNVVMPPDQIIESKREPVAIKKVQEVQGRDLLSKESLLSGIPEEQRLNLKIQICRALQAAVASEQPGLFSEWLRNIEKVEVEAVNITQEPRHIMCMYLVTSAKSVTEEVTIIIEDVDPQMANLKMELRDALCAIIYEEIDILTAEGPRIQQGAKTSLQEEMDSFSGSQKVEPITEPEVESKYLISTEEVSYFNVQSRVKYLDATPVTKGVASAVVSDEKQDESLKPSEEKEESSSESGTEEVATVKIQEAEGGLIKEDGPMIHTPLVDTVSEEGDIVHLTTSITNAKEVNWYFENKLVPSDEKFKCLQDQNTYTLVIDKVNTEDHQGEYVCEALNDSGKTATSAKLTVVKRAAPVIKRKIEPLEVALGHLAKFTCEIQSAPNVRFQWFKAGREIYESDKCSIRSSKYISSLEILRTQVVDCGEYTCKASNEYGSVSCTATLTVTEAYPPTFLSRPKSLTTFVGKAAKFICTVTGTPVIETIWQKDGAALSPSPNWRISDAENKHILELSNLTIQDRGVYSCKASNKFGADICQAELIIIDKPHFIKELEPVQSAINKKVHLECQVDEDRKVTVTWSKDGQKLPPGKDYKICFEDKIATLEIPLAKLKDSGTYVCTASNEAGSSSCSATVTVREPPSFVKKVDPSYLMLPGESARLHCKLKGSPVIQVTWFKNNKELSESNTVRMYFVNSEAILDITDVKVEDSGSYSCEAVNDVGSDSCSTEIVIKEPPSFIKTLEPADIVRGTNALLQCEVSGTGPFEISWFKDKKQIRSSKKYRLFSQKSLVCLEIFSFNSADVGEYECVVANEVGKCGCMATHLLKEPPTFVKKVDDLIALGGQTVTLQAAVRGSEPISVTWMKGQEVIREDGKIKMSFSNGVAVLIIPDVQISFGGKYTCLAENEAGSQTSVGELIVKEPAKIIERAELIQVTAGDPATLEYTVAGTPELKPKWYKDGRPLVASKKYRISFKNNVAQLKFYSAELHDSGQYTFEISNEVGSSSCETTFTVLDRDIAPFFTKPLRNVDSVVNGTCRLDCKIAGSLPMRVSWFKDGKEIAASDRYRIAFVEGTASLEIIRVDMNDAGNFTCRATNSVGSKDSSGALIVQEPPSFVTKPGSKDVLPGSAVCLKSTFQGSTPLTIRWFKGNKELVSGGSCYITKEALESSLELYLVKTSDSGTYTCKVSNVAGGVECSANLFVKEPATFVEKLEPSQLLKKGDATQLACKVTGTPPIKITWFANDREIKESSKHRMSFVESTAVLRLTDVGIEDSGEYMCEAQNEAGSDHCSSIVIVKESPYFTKEFKPIEVLKEYDVMLLAEVAGTPPFEITWFKDNTILRSGRKYKTFIQDHLVSLQILKFVAADAGEYQCRVTNEVGSSICSARVTLREPPSFIKKIESTSSLRGGTAAFQATLKGSLPITVTWLKDSDEITEDDNIRMTFENNVASLYLSGIEVKHDGKYVCQAKNDAGIQRCSALLSVKEPATITEEAVSIDVTQGDPATLQVKFSGTKEITAKWFKDGQELTLGSKYKISVTDTVSILKIISTEKKDSGEYTFEVQNDVGRSSCKARINVLDLIIPPSFTKKLKKMDSIKGSFIDLECIVAGSHPISIQWFKDDQEISASEKYKFSFHDNTAFLEISQLEGTDSGTYTCSATNKAGHNQCSGHLTVKEPPYFVEKPQSQDVNPNTRVQLKALVGGTAPMTIKWFKDNKELHSGAARSVWKDDTSTSLELFAAKATDSGTYICQLSNDVGTATSKATLFVKEPPQFIKKPSPVLVLRNGQSTTFECQITGTPKIRVSWYLDGNEITAIQKHGISFIDGLATFQISGARVENSGTYVCEARNDAGTASCSIELKVKEPPTFIRELKPVEVVKYSDVELECEVTGTPPFEVTWLKNNREIRSSKKYTLTDRVSVFNLHITKCDPSDTGEYQCIVSNEGGSCSCSTRVALKEPPSFIKKIENTTTVLKSSATFQSTVAGSPPISITWLKDDQILDEDDNVYISFVDSVATLQIRSVDNGHSGRYTCQAKNESGVERCYAFLLVQEPAQIVEKAKSVDVTEKDPMTLECVVAGTPELKVKWLKDGKQIVPSRYFSMSFENNVASFRIQSVMKQDSGQYTFKVENDFGSSSCDAYLRVLDQNIPPSFTKKLTKMDKVLGSSIHMECKVSGSLPISAQWFKDGKEISTSAKYRLVCHERSVSLEVNNLELEDTANYTCKVSNVAGDDACSGILTVKEPPSFLVKPGRQQAIPDSTVEFKAILKGTPPFKIKWFKDDVELVSGPKCFIGLEGSTSFLNLYSVDASKTGQYTCHVTNDVGSDSCTTMLLVTEPPKFVKKLEASKIVKAGDSSRLECKIAGSPEIRVVWFRNEHELPASDKYRMTFIDSVAVIQMNNLSTEDSGDFICEAQNPAGSTSCSTKVIVKEPPVFSSFPPIVETLKNAEVSLECELSGTPPFEVVWYKDKRQLRSSKKYKIASKNFHTSIHILNVDTSDIGEYHCKAQNEVGSDTCVCTVKLKEPPRFVSKLNSLTVVAGEPAELQASIEGAQPIFVQWLKEKEEVIRESENIRITFVENVATLQFAKAEPANAGKYICQIKNDGGMRENMATLMVLEPAVIVEKAGPMTVTVGETCTLECKVAGTPELSVEWYKDGKLLTSSQKHKFSFYNKISSLRILSVERQDAGTYTFQVQNNVGKSSCTAVVDVSDRAVPPSFTRRLKNTGGVLGASCILECKVAGSSPISVAWFHEKTKIVSGAKYQTTFSDNVCTLQLNSLDSSDMGNYTCVAANVAGSDECRAVLTVQEPPSFVKEPEPLEVLPGKNVTFTSVIRGTPPFKVNWFRGARELVKGDRCNIYFEDTVAELELFNIDISQSGEYTCVVSNNAGQASCTTRLFVKEPAAFLKRLSDHSVEPGKSIILESTYTGTLPISVTWKKDGFNITTSEKCNIVTTEKTCILEILNSTKRDAGQYSCEIENEAGRDVCGALVSTLEPPYFVTELEPLEAAVGDSVSLQCQVAGTPEITVSWYKGDTKLRPTPEYRTYFTNNVATLVFNKVNINDSGEYTCKAENSIGTASSKTVFRIQERQLPPSFARQLKDIEQTVGLPVTLTCRLNGSAPIQVCWYRDGVLLRDDENLQTSFVDNVATLKILQTDLSHSGQYSCSASNPLGTASSSARLTAREPKKSPFFDIKPVSIDVIAGESADFECHVTGAQPMRITWSKDNKEIRPGGNYTITCVGNTPHLRILKVGKGDSGQYTCQATNDVGKDMCSAQLSVKEPPKFVKKLEASKVAKQGESIQLECKISGSPEIKVSWFRNDSELHESWKYNMSFINSVALLTINEASAEDSGDYICEAHNGVGDASCSTALTVKAPPVFTQKPSPVGALKGSDVILQCEISGTPPFEVVWVKDRKQVRNSKKFKITSKHFDTSLHILNLEASDVGEYHCKATNEVGSDTCSCSVKFKEPPRFVKKLSDTSTLIGDAVELRAIVEGFQPISVVWLKDRGEVIRESENTRISFIDNIATLQLGSPEASNSGKYICQIKNDAGMRECSAVLTVLEPARIIEKPEPMTVTTGNPFALECVVTGTPELSAKWFKDGRELSADSKHHITFINKVASLKIPCAEMSDKGLYSFEVKNSVGKSNCTVSVHVSDRIVPPSFIRKLKDVNAILGASVVLECRVSGSAPISVGWFQDGNEIVSGPKCQSSFSENVCTLNLSLLEPSDTGIYTCVAANVAGSDECSAVLTVQEPPSFEQTPDSVEVLPGMSLTFTSVIRGTPPFKVKWFKGSRELVPGESCNISLEDFVTELELFEVQPLESGDYSCLVTNDAGSASCTTHLFVKEPATFVKRLADFSVETGSPIVLEATYTGTPPISVSWIKDEYLISQSERCSITMTEKSTILEILESTIEDYAQYSCLIENEAGQDICEALVSVLEPPYFIEPLEHVEAVIGEPATLQCKVDGTPEIRISWYKEHTKLRSAPAYKMQFKNNVASLVINKVDHSDVGEYSCKADNSVGAVASSAVLVIKARKLPPFFARKLKDVHETLGFPVAFECRINGSEPLQVSWYKDGVLLKDDANLQTSFVHNVATLQILQTDQSHIGQYNCSASNPLGTASSSAKLILSEHEVPPFFDLKPVSVDLALGESGTFKCHVTGTAPIKITWAKDNREIRPGGNYKMTLVENTATLTVLKVGKGDAGQYTCYASNIAGKDSCSAQLGVQEPPRFIKKLEPSRIVKQDEFTRYECKIGGSPEIKVLWYKDETEIQESSKFRMSFVDSVAVLEMHNLSVEDSGDYTCEAHNAAGSASSSTSLKVKEPPIFRKKPHPIETLKGADVHLECELQGTPPFHVSWYKDKRELRSGKKYKIMSENFLTSIHILNVDAADIGEYQCKATNDVGSDTCVGSIALKAPPRFVKKLSDISTVVGKEVQLQTTIEGAEPISVVWFKDKGEIVRESDNIWISYSENIATLQFSRVEPANAGKYTCQIKNDAGMQECFATLSVLEPATIVEKPESIKVTTGDTCTLECTVAGTPELSTKWFKDGKELTSDNKYKISFFNKVSGLKIINVAPSDSGVYSFEVQNPVGKDSCTASLQVSDRTVPPSFTRKLKETNGLSGSSVVMECKVYGSPPISVSWFHEGNEISSGRKYQTTLTDNTCALTVNMLEESDSGDYTCIATNMAGSDECSAPLTVREPPSFVQKPDPMDVLTGTNVTFTSIVKGTPPFSVSWFKGSSELVPGDRCNVSLEDSVAELELFDVDTSQSGEYTCIVSNEAGKASCTTHLYIKAPAKFVKRLNDYSIEKGKPLILEGTFTGTPPISVTWKKNGINVTPSQRCNITTTEKSAILEIPSSTVEDAGQYNCYIENASGKDSCSAQILILEPPYFVKQLEPVKVSVGDSASLQCQLAGTPEIGVSWYKGDTKLRPTTTYKMHFRNNVATLVFNQVDINDSGEYICKAENSVGEVSASTFLTVQEQKLPPSFSRQLRDVQETVGLPVVFDCAISGSEPISVSWYKDGKPLKDSPNVQTSFLDNTATLNIFKTDRSLAGQYSCTATNPIGSASSSARLILTEGKNPPFFDIRLAPVDAVVGESADFECHVTGTQPIKVSWAKDSREIRSGGKYQISYLENSAHLTVLKVDKGDSGQYTCYAVNEVGKDSCTAQLNIKERLIPPSFTKRLSETVEETEGNSFKLEGRVAGSQPITVAWYKNNIEIQPTSNCEITFKNNTLVLQVRKAGMNDAGLYTCKVSNDAGSALCTSSIVIKEPKKPPVFDQHLTPVTVSEGEYVQLSCHVQGSEPIRIQWLKAGREIKPSDRCSFSFASGTAVLELRDVAKADSGDYVCKASNVAGSDTTKSKVTIKDKPAVAPATKKAAVDGRLFFVSEPQSIRVVEKTTATFIAKVGGDPIPNVKWTKGKWRQLNQGGRVFIHQKGDEAKLEIRDTTKTDSGLYRCVAFNEHGEIESNVNLQVDERKKQEKIEGDLRAMLKKTPILKKGAGEEEEIDIMELLKNVDPKEYEKYARMYGITDFRGLLQAFELLKQSQEEETHRLEIEEIERSERDEKEFEELVSFIQQRLSQTEPVTLIKDIENQTVLKDNDAVFEIDIKINYPEIKLSWYKGTEKLEPSDKFEISIDGDRHTLRVKNCQLKDQGNYRLVCGPHIASAKLTVIEPAWERHLQDVTLKEGQTCTMTCQFSVPNVKSEWFRNGRILKPQGRHKTEVEHKVHKLTIADVRAEDQGQYTCKYEDLETSAELRIEAEPIQFTKRIQNIVVSEHQSATFECEVSFDDAIVTWYKGPTELTESQKYNFRNDGRCHYMTIHNVTPDDEGVYSVIARLEPRGEARSTAELYLTTKEIKLELKPPDIPDSRVPIPTMPIRAVPPEEIPPVVAPPIPLLLPTPEEKKPPPKRIEVTKKAVKKDAKKVVAKPKEMTPREEIVKKPPPPTTLIPAKAPEIIDVSSKAEEVKIMTITRKKEVQKEKEAVYEKKQAVHKEKRVFIESFEEPYDELEVEPYTEPFEQPYYEEPDEDYEEIKVEAKKEVHEEWEEDFEEGQEYYEREEGYDEGEEEWEEAYQEREVIQVQKEVYEESHERKVPAKVPEKKAPPPPKVIKKPVIEKIEKTSRRMEEEKVQVTKVPEVSKKIVPQKPSRTPVQEEVIEVKVPAVHTKKMVISEEKMFFASHTEEEVSVTVPEVQKEIVTEEKIHVAISKRVEPPPKVPELPEKPAPEEVAPVPIPKKVEPPAPKVPEVPKKPVPEEKKPVPVPKKEPAAPPKVPEVPKKPVPEEKIPVPVAKKKEAPPAKVPEVQKGVVTEEKITIVTQREESPPPAVPEIPKKKVPEERKPVPRKEEEVPPPPKVPALPKKPVPEEKVAVPVPVAKKAPPPRAEVSKKTVVEEKRFVAEEKLSFAVPQRVEVTRHEVSAEEEWSYSEEEEGVSISVYREEEREEEEEAEVTEYEVMEEPEEYVVEEKLHIISKRVEAEPAEVTERQEKKIVLKPKIPAKIEEPPPAKVPEAPKKIVPEKKVPAPVPKKEKVPPPKVPEEPKKPVPEKKVPPKVIKMEEPLPAKVTERHMQITQEEKVLVAVTKKEAPPKARVPEEPKRAVPEEKVLKLKPKREEEPPAKVTEFRKRVVKEEKVSIEAPKREPQPIKEVTIMEEKERAYTLEEEAVSVQREEEYEEYEEYDYKEFEEYEPTEEYDQYEEYEEREYERYEEHEEYITEPEKPIPVKPVPEEPVPTKPKAPPAKVLKKAVPEEKVPVPIPKKLKPPPPKVPEEPKKVFEEKIRISITKREKEQVTEPAAKVPMKPKRVVAEEKVPVPRKEVAPPVRVPEVPKELEPEEVAFEEEVVTHVEEYLVEEEEEYIHEEEEFITEEEVVPVIPVKVPEVPRKPVPEEKKPVPVPKKKEAPPAKVPEVPKKPEEKVPVLIPKKEKPPPAKVPEVPKKPVPEEKVPVPVPKKVEAPPAKVPEVPKKPVPEKKVPVPAPKKVEAPPAKVPEVPKKLIPEEKKPTPVPKKVEAPPPKVPKKREPVPVPVALPQEEEVLFEEEIVPEEEVLPEEEEVLPEEEEVLPEEEEVLPEEEEIPPEEEEVPPEEEYVPEEEEFVPEEEVLPEVKPKVPVPAPVPEIKKKVTEKKVVIPKKEEAPPAKVPEVPKKVEEKRIILPKEEEVLPVEVTEEPEEEPISEEEIPEEPPSIEEVEEVAPPRVPEVIKKAVPEAPTPVPKKVEAPPAKVSKKIPEEKVPVPVQKKEAPPAKVPEVPKKVPEKKVLVPKKEAVPPAKGRTVLEEKVSVAFRQEVVVKERLELEVVEAEVEEIPEEEEFHEVEEYFEEGEFHEVEEFIKLEQHRVEEEHRVEKVHRVIEVFEAEEVEVFEKPKAPPKGPEISEKIIPPKKPPTKVVPRKEPPAKVPEVPKKIVVEEKVRVPEEPRVPPTKVPEVLPPKEVVPEKKVPVPPAKKPEAPPPKVPEAPKEVVPEKKVPVPPPKKPEVPPTKVPEVPKAAVPEKKVPEAIPPKPESPPPEVPEAPKEVVPEKKVPAAPPKKPEVTPVKVPEAPKEVVPEKKVPVPPPKKPEVPPTKVPEVPKVAVPEKKVPEAIPPKPESPPPEVFEEPEEVALEEPPAEVVEEPEPAAPPQVTVPPKKPVPEKKAPAVVAKKPELPPVKVPEVPKEVVPEKKVPLVVPKKPEAPPAKVPEVPKEVVPEKKVAVPKKPEVPPAKVPEVPKKPVLEEKPAVPVPERAESPPPEVYEEPEEIAPEEEIAPEEEKPVPVAEEEEPEVPPPAVPEEPKKIIPEKKVPVIKKPEAPPPKEPEPEKVIEKPKLKPRPPPPPPAPPKEDVKEKIFQLKAIPKKKVPEKPQVPEKVELTPLKVPGGEKKVRKLLPERKPEPKEEVVLKSVLRKRPEEEEPKVEPKKLEKVKKPAVPEPPPPKPVEEVEVPTVTKRERKIPEPTKVPEIKPAIPLPAPEPKPKPEAEVKTIKPPPVEPEPTPIAAPVTVPVVGKKAEAKAPKEEAAKPKGPIKGVPKKTPSPIEAERRKLRPGSGGEKPPDEAPFTYQLKAVPLKFVKEIKDIILTESEFVGSSAIFECLVSPSTAITTWMKDGSNIRESPKHRFIADGKDRKLHIIDVQLSDAGEYTCVLRLGNKEKTSTAKLVVEELPVRFVKTLEEEVTVVKGQPLYLSCELNKERDVVWRKDGKIVVEKPGRIVPGVIGLMRALTINDADDTDAGTYTVTVENANNLECSSCVKVVEVIRDWLVKPIRDQHVKPKGTAIFACDIAKDTPNIKWFKGYDEIPAEPNDKTEILRDGNHLYLKIKNAMPEDIAEYAVEIEGKRYPAKLTLGEREVELLKPIEDVTIYEKESASFDAEISEADIPGQWKLKGELLRPSPTCEIKAEGGKRFLTLHKVKLDQAGEVLYQALNAITTAILTVKEIELDFAVPLKDVTVPERRQARFECVLTREANVIWSKGPDIIKSSDKFDIIADGKKHILVINDSQFDDEGVYTAEVEGKKTSARLFVTGIRLKFMSPLEDQTVKEGETATFVCELSHEKMHVVWFKNDAKLHTSRTVLISSEGKTHKLEMKEVTLDDISQIKAQVKELSSTAQLKVLEADPYFTVKLHDKTAVEKDEITLKCEVSKDVPVKWFKDGEEIVPSPKYSIKADGLRRILKIKKADLKDKGEYVCDCGTDKTKANVTVEARLIKVEKPLYGVEVFVGETAHFEIELSEPDVHGQWKLKGQPLTASPDCEIIEDGKKHILILHNCQLGMTGEVSFQAANAKSAANLKVKELPLIFITPLSDVKVFEKDEAKFECEVSREPKTFRWLKGTQEITGDDRFELIKDGTKHSMVIKSAAFEDEAKYMFEAEDKHTSGKLIIEGIRLKFLTPLKDVTAKEKESAVFTVELSHDNIRVKWFKNDQRLHTTRSVSMQDEGKTHSITFKDLSIDDTSQIRVEAMGMSSEAKLTVLEGDPYFTGKLQDYTGVEKDEVILQCEISKADAPVKWFKDGKEIKPSKNAVIKADGKKRMLILKKALKSDIGQYTCDCGTDKTSGKLDIEDREIKLVRPLHSVEVMETETARFETEISEDDIHANWKLKGEALLQTPDCEIKEEGKIHSLVLHNCRLDQTGGVDFQAANVKSSAHLRVKPRVIGLLRPLKDVTVTAGETATFDCELSYEDIPVEWYLKGKKLEPSDKVVPRSEGKVHTLTLRDVKLEDAGEVQLTAKDFKTHANLFVKEPPVEFTKPLEDQTVEEGATAVLECEVSRENAKVKWFKNGTEILKSKKYEIVADGRVRKLVIHDCTPEDIKTYTCDAKDFKTSCNLNVVPPHVEFLRPLTDLQVREKEMARFECELSRENAKVKWFKDGAEIKKGKKYDIISKGAVRILVINKCLLDDEAEYSCEVRTARTSGMLTVLEEEAVFTKNLANIEVSETDTIKLVCEVSKPGAEVIWYKGDEEIIETGRYEILTEGRKRILVIQNAHLEDAGNYNCRLPSSRTDGKVKVHELAAEFISKPQNLEILEGEKAEFVCSISKESFPVQWKRDDKTLESGDKYDVIADGKKRVLVVKDATLQDMGTYVVMVGAARAAAHLTVIEKLRIVVPLKDTRVKEQQEVVFNCEVNTEGAKAKWFRNEEAIFDSSKYIILQKDLVYTLRIRDAHLDDQANYNVSLTNHRGENVKSAANLIVEEEDLRIVEPLKDIETMEKKSVTFWCKVNRLNVTLKWTKNGEEVPFDNRVSYRVDKYKHMLTIKDCGFPDEGEYIVTAGQDKSVAELLIIEAPTEFVEHLEDQTVTEFDDAVFSCQLSREKANVKWYRNGREIKEGKKYKFEKDGSIHRLIIKDCRLDDECEYACGVEDRKSRARLFVEEIPVEIIRPPQDILEAPGADVVFLAELNKDKVEVQWLRNNMVVVQGDKHQMMSEGKIHRLQICDIKPRDQGEYRFIAKDKEARAKLELAAAPKIKTADQDLVVDVGKPLTMVVPYDAYPKAEAEWFKENEPLSTKTIDTTAEQTSFRILEAKKGDKGRYKIVLQNKHGKAEGFINLKVIDVPGPVRNLEVTETFDGEVSLAWEEPLTDGGSKIIGYVVERRDIKRKTWVLATDRAESCEFTVTGLQKGGVEYLFRVSARNRVGTGEPVETDNPVEARSKYDVPGPPLNVTITDVNRFGVSLTWEPPEYDGGAEITNYVIELRDKTSIRWDTAMTVRAEDLSATVTDVVEGQEYSFRVRAQNRIGVGKPSAATPFVKVADPIERPSPPVNLTSSDQTQSSVQLKWEPPLKDGGSPILGYIIERCEEGKDNWIRCNMKLVPELTYKVTGLEKGNKYLYRVSAENKAGVSDPSEILGPLTADDAFVEPTMDLSAFKDGLEVIVPNPITILVPSTGYPRPTATWCFGDKVLETGDRVKMKTLSAYAELVISPSERSDKGIYTLKLENRVKTISGEIDVNVIARPSAPKELKFGDITKDSVHLTWEPPDDDGGSPLTGYVVEKREVSRKTWTKVMDFVTDLEFTVPDLVQGKEYLFKVCARNKCGPGEPAYVDEPVNMSTPATVPDPPENVKWRDRTANSIFLTWDPPKNDGGSRIKGYIVERCPRGSDKWVACGEPVAETKMEVTGLEEGKWYAYRVKALNRQGASKPSRPTEEIQAVDTQEAPEIFLDVKLLAGLTVKAGTKIELPATVTGKPEPKITWTKADMILKQDKRITIENVPKKSTVTIVDSKRSDTGTYIIEAVNVCGRATAVVEVNVLDKPGPPAAFDITDVTNESCLLTWNPPRDDGGSKITNYVVERRATDSEVWHKLSSTVKDTNFKATKLIPNKEYIFRVAAENMYGVGEPVQASPITAKYQFDPPGPPTRLEPSDITKDAVTLTWCEPDDDGGSPITGYWVERLDPDTDKWVRCNKMPVKDTTYRVKGLTNKKKYRFRVLAENLAGPGKPSKSTEPILIKDPIDPPWPPGKPTVKDVGKTSVRLNWTKPEHDGGAKIESYVIEMLKTGTDEWVRVAEGVPTTQHLLPGLMEGQEYSFRVRAVNKAGESEPSEPSDPVLCREKLYPPSPPRWLEVINITKNTADLKWTVPEKDGGSPITNYIVEKRDVRRKGWQTVDTTVKDTKCTVTPLTEGSLYVFRVAAENAIGQSDYTEIEDSVLAKDTFTTPGPPYALAVVDVTKRHVDLKWEPPKNDGGRPIQRYVIEKKERLGTRWVKAGKTAGPDCNFRVTDVIEGTEVQFQVRAENEAGVGHPSEPTEILSIEDPTSPPSPPLDLHVTDAGRKHIAIAWKPPEKNGGSPIIGYHVEMCPVGTEKWMRVNSRPIKDLKFKVEEGVVPDKEYVLRVRAVNAIGVSEPSEISENVVAKDPDCKPTIDLETHDIIVIEGEKLSIPVPFRAVPVPTVSWHKDGKEVKASDRLTMKNDHISAHLEVPKSVRADAGIYTITLENKLGSATASINVKVIGLPGPCKDIKASDITKSSCKLTWEPPEFDGGTPILHYVLERREAGRRTYIPVMSGENKLSWTVKDLIPNGEYFFRVKAVNKVGGGEYIELKNPVIAQDPKQPPDPPVDVEVHNPTAEAMTITWKPPLYDGGSKIMGYIIEKIAKGEERWKRCNEHLVPILTYTAKGLEEGKEYQFRVRAENAAGISEPSRATPPTKAVDPIDAPKVILRTSLEVKRGDEIALDASISGSPYPTITWIKDENVIVPEEIKKRAAPLVRRRKGEVQEEEPFVLPLTQRLSIDNSKKGESQLRVRDSLRPDHGLYMIKVENDHGIAKAPCTVSVLDTPGPPINFVFEDIRKTSVLCKWEPPLDDGGSEIINYTLEKKDKTKPDSEWIVVTSTLRHCKYSVTKLIEGKEYLFRVRAENRFGPGPPCVSKPLVAKDPFGPPDAPDKPIVEDVTSNSMLVKWNEPKDNGSPILGYWLEKREVNSTHWSRVNKSLLNALKANVDGLLEGLTYVFRVCAENAAGPGKFSPPSDPKTAHDPISPPGPPIPRVTDTSSTTIELEWEPPAFNGGGEIVGYFVDKQLVGTNEWSRCTEKMIKVRQYTVKEIREGADYKLRVSAVNAAGEGPPGETQPVTVAEPQEPPAVELDVSVKGGIQIMAGKTLRIPAVVTGRPVPTKVWTKEEGELDKDRVVIDNVGTKSELIIKDALRKDHGRYVITATNSCGSKFAAARVEVFDVPGPVLDLKPVVTNRKMCLLNWSDPEDDGGSEITGFIIERKDAKMHTWRQPIETERSKCDITGLLEGQEYKFRVIAKNKFGCGPPVEIGPILAVDPLGPPTSPERLTYTERTKSTITLDWKEPRSNGGSPIQGYIIEKRRHDKPDFERVNKRLCPTTSFLVENLDEHQMYEFRVKAVNEIGESEPSLPLNVVIQDDEVPPTIKLRLSVRGDTIKVKAGEPVHIPADVTGLPMPKIEWSKNETVIEKPTDALQITKEEVSRSEAKTELSIPKAVREDKGTYTVTASNRLGSVFRNVHVEVYDRPSPPRNLAVTDIKAESCYLTWDAPLDNGGSEITHYVIDKRDASRKKAEWEEVTNTAVEKRYGIWKLIPNGQYEFRVRAVNKYGISDECKSDKVVIQDPYRLPGPPGKPKVLARTKGSMLVSWTPPLDNGGSPITGYWLEKREEGSPYWSRVSRAPITKVGLKGVEFNVPRLLEGVKYQFRAMAINAAGIGPPSEPSDPEVAGDPIFPPGPPSCPEVKDKTKSSISLGWKPPAKDGGSPIKGYIVEMQEEGTTDWKRVNEPDKLITTCECVVPNLKELRKYRFRVKAVNEAGESEPSDTTGEIPATDIQEEPEVFIDIGAQDCLVCKAGSQIRIPAVIKGRPTPKSSWEFDGKAKKAMKDGVHDIPEDAQLETAENSSVIIIPECKRSHTGKYSITAKNKAGQKTANCRVKVMDVPGPPKDLKVSDITRGSCRLSWKMPDDDGGDRIKGYVIEKRTIDGKAWTKVNPDCGSTTFVVPDLLSEQQYFFRVRAENRFGIGPPVETIQRTTARDPIYPPDPPIKLKIGLITKNTVHLSWKPPKNDGGSPVTHYIVECLAWDPTGTKKEAWRQCNKRDVEELQFTVEDLVEGGEYEFRVKAVNAAGVSKPSATVGPVTVKDQTCPPSIDLKEFMEVEEGTNVNIVAKIKGVPFPTLTWFKAPPKKPDNKEPVLYDTHVNKLVVDDTCTLVIPQSRRSDTGLYTITAVNNLGTASKEMRLNVLGRPGPPVGPIKFESVSADQMTLSWFPPKDDGGSKITNYVIEKREANRKTWVHVSSEPKECTYTIPKLLEGHEYVFRIMAQNKYGIGEPLDSEPETARNLFSVPGAPDKPTVSSVTRNSMTVNWEEPEYDGGSPVTGYWLEMKDTTSKRWKRVNRDPIKAMTLGVSYKVTGLIEGSDYQFRVYAINAAGVGPASLPSDPATARDPIAPPGPPFPKVTDWTKSSADLEWSPPLKDGGSKVTGYIVEYKEEGKEEWEKGKDKEVRGTKLVVTGLKEGAFYKFRVRAVNIAGIGEPGEVTDVIEMKDRLVSPDLQLDASVRDRIVVHAGGVIRIIAYVSGKPPPTVTWNMNERTLPQEATIETTAISSSMVIKNCQRSHQGVYSLLAKNEAGERKKTIIVDVLDVPGPVGTPFLAHNLTNESCKLTWFSPEDDGGSPITNYVIEKRESDRRAWTPVTYTVTRQNATVQGLIQGKAYFFRIAAENSIGMGPFVETSEALVIREPITVPERPEDLEVKEVTKNTVTLTWNPPKYDGGSEIINYVLESRLIGTEKFHKVTNDNLLSRKYTVKGLKEGDTYEYRVSAVNIVGQGKPSFCTKPITCKDELAPPTLHLDFRDKLTIRVGEAFALTGRYSGKPKPKVSWFKDEADVLEDDRTHIKTTPATLALEKIKAKRSDSGKYCVVVENSTGSRKGFCQVNVVDRPGPPVGPVSFDEVTKDYMVISWKPPLDDGGSKITNYIIEKKEVGKDVWMPVTSASAKTTCKVSKLLEGKDYIFRIHAENLYGISDPLVSDSMKAKDRFRVPDAPDQPIVTEVTKDSALVTWNKPHDGGKPITNYILEKRETMSKRWARVTKDPIHPYTKFRVPDLLEGCQYEFRVSAENEIGIGDPSPPSKPVFAKDPIAKPSPPVNPEAIDTTCNSVDLTWQPPRHDGGSKILGYIVEYQKVGDEEWRRANHTPESCPETKYKVTGLRDGQTYKFRVLAVNAAGESDPAHVPEPVLVKDRLEPPELILDANMAREQHIKVGDTLRLSAIIKGVPFPKVTWKKEDRDAPTKARIDVTPVGSKLEIRNAAHEDGGIYSLTVENPAGSKTVSVKVLVLDKPGPPRDLEVSEIRKDSCYLTWKEPLDDGGSVITNYVVERRDVASAQWSPLSATSKKKSHFAKHLNEGNQYLFRVAAENQYGRGPFVETPKPIKALDPLHPPGPPKDLHHVDVDKTEVSLVWNKPDRDGGSPITGYLVEYQEEGTQDWIKFKTVTNLECVVTGLQQGKTYRFRVKAENIVGLGLPDTTIPIECQEKLVPPSVELDVKLIEGLVVKAGTTVRFPAIIRGVPVPTAKWTTDGSEIKTDEHYTVETDNFSSVLTIKNCLRRDTGEYQITVSNAAGSKTVAVHLTVLDVPGPPTGPINILDVTPEHMTISWQPPKDDGGSPVINYIVEKQDTRKDTWGVVSSGSSKTKLKIPHLQKGCEYVFRVRAENKIGVGPPLDSTPTVAKHKFSPPSPPGKPVVTDITENAATVSWTLPKSDGGSPITGYYMERREVTGKWVRVNKTPIADLKFRVTGLYEGNTYEFRVFAENLAGLSKPSPSSDPIKACRPIKPPGPPINPKLKDKSRETADLVWTKPLSDGGSPILGYVVECQKPGTAQWNRINKDELIRQCAFRVPGLIEGNEYRFRIKAANIVGEGEPRELAESVIAKDILHPPEVELDVTCRDVITVRVGQTIRILARVKGRPEPDITWTKEGKVLVREKRVDLIQDLPRVELQIKEAVRADHGKYIISAKNSSGHAQGSAIVNVLDRPGPCQNLKVTNVTKENCTISWENPLDNGGSEITNFIVEYRKPNQKGWSIVASDVTKRLIKANLLANNEYYFRVCAENKVGVGPTIETKTPILAINPIDRPGEPENLHIADKGKTFVYLKWRRPDYDGGSPNLSYHVERRLKGSDDWERVHKGSIKETHYMVDRCVENQIYEFRVQTKNEGGESDWVKTEEVVVKEDLQKPVLDLKLSGVLTVKAGDTIRLEAGVRGKPFPEVAWTKDKDATDLTRSPRVKIDTRADSSKFSLTKAKRSDGGKYVVTATNTAGSFVAYATVNVLDKPGPVRNLKIVDVSSDRCTVCWDPPEDDGGCEIQNYILEKCETKRMVWSTYSATVLTPGTTVTRLIEGNEYIFRVRAENKIGTGPPTESKPVIAKTKYDKPGRPDPPEVTKVSKEEMTVVWNPPEYDGGKSITGYFLEKKEKHSTRWVPVNKSAIPERRMKVQNLLPDHEYQFRVKAENEIGIGEPSLPSRPVVAKDPIEPPGPPTNFRVVDTTKHSITLGWGKPVYDGGAPIIGYVVEMRPKIADASPDEGWKRCNAAAQLVRKEFTVTSLDENQEYEFRVCAQNQVGIGRPAELKEAIKPKEILEPPEIDLDASMRKLVIVRAGCPIRLFAIVRGRPAPKVTWRKVGIDNVVRKGQVDLVDTMAFLVIPNSTRDDSGKYSLTLVNPAGEKAVFVNVRVLDTPGPVSDLKVSDVTKTSCHVSWAPPENDGGSQVTHYIVEKREADRKTWSTVTPEVKKTSFHVTNLVPGNEYYFRVTAVNEYGPGVPTDVPKPVLASDPLSEPDPPRKLEVTEMTKNSATLAWLPPLRDGGAKIDGYITSYREEEQPADRWTEYSVVKDLSLVVTGLKEGKKYKFRVAARNAVGVSLPREAEGVYEAKEQLLPPKILMPEQITIKAGKKLRIEAHVYGKPHPTCKWKKGEDEVVTSSHLAVHKADSSSILIIKDVTRKDSGYYSLTAENSSGTDTQKIKVVVMDAPGPPQPPFDISDIDADACSLSWHIPLEDGGSNITNYIVEKCDVSRGDWVTALASVTKTSCRVGKLIPGQEYIFRVRAENRFGISEPLTSPKMVAQFPFGVPSEPKNARVTKVNKDCIFVAWDRPDSDGGSPIIGYLIERKERNSLLWVKANDTLVRSTEYPCAGLVEGLEYSFRIYALNKAGSSPPSKPTEYVTARMPVDPPGKPEVIDVTKSTVSLIWARPKHDGGSKIIGYFVEACKLPGDKWVRCNTAPHQIPQEEYTATGLEEKAQYQFRAIARTAVNISPPSEPSDPVTILAENVPPRIDLSVAMKSLLTVKAGTNVCLDATVFGKPMPTVSWKKDGTLLKPAEGIKMAMQRNLCTLELFSVNRKDSGDYTITAENSSGSKSATIKLKVLDKPGPPASVKINKMYSDRAMLSWEPPLEDGGSEITNYIVDKRETSRPNWAQVSATVPITSCSVEKLIEGHEYQFRICAENKYGVGDPVFTEPAIAKNPYDPPGRCDPPVISNITKDHMTVSWKPPADDGGSPITGYLLEKRETQAVNWTKVNRKPIIERTLKATGLQEGTEYEFRVTAINKAGPGKPSDASKAAYARDPQYPPGPPAFPKVYDTTRSSVSLSWGKPAYDGGSPIIGYLVEVKRADSDNWVRCNLPQNLQKTRFEVTGLMEDTQYQFRVYAVNKIGYSDPSDVPDKHYPKDILIPPEGELDADLRKTLILRAGVTMRLYVPVKGRPPPKITWSKPNVNLRDRIGLDIKSTDFDTFLRCENVNKYDAGKYILTLENSCGKKEYTIVVKVLDTPGPPVNVTVKEISKDSAYVTWEPPIIDGGSPIINYVVQKRDAERKSWSTVTTECSKTSFRVANLEEGKSYFFRVFAENEYGIGDPGETRDAVKASQTPGPVVDLKVRSVSKSSCSIGWKKPHSDGGSRIIGYVVDFLTEENKWQRVMKSLSLQYSAKDLTEGKEYTFRVSAENENGEGTPSEITVVARDDVVAPDLDLKGLPDLCYLAKENSNFRLKIPIKGKPAPSVSWKKGEDPLATDTRVSVESSAVNTTLIVYDCQKSDAGKYTITLKNVAGTKEGTISIKVVGKPGIPTGPIKFDEVTAEAMTLKWAPPKDDGGSEITNYILEKRDSVNNKWVTCASAVQKTTFRVTRLHEGMEYTFRVSAENKYGVGEGLKSEPIVARHPFDVPDAPPPPNIVDVRHDSVSLTWTDPKKTGGSPITGYHLEFKERNSLLWKRANKTPIRMRDFKVTGLTEGLEYEFRVMAINLAGVGKPSLPSEPVVALDPIDPPGKPEVINITRNSVTLIWTEPKYDGGHKLTGYIVEKRDLPSKSWMKANHVNVPECAFTVTDLVEGGKYEFRIRAKNTAGAISAPSESTETIICKDEYEAPTIVLDPTIKDGLTIKAGDTIVLNAISILGKPLPKSSWSKAGKDIRPSDITQITSTPTSSMLTIKYATRKDAGEYTITATNPFGTKVEHVKVTVLDVPGPPGPVEISNVSAEKATLTWTPPLEDGGSPIKSYILEKRETSRLLWTVVSEDIQSCRHVATKLIQGNEYIFRVSAVNHYGKGEPVQSEPVKMVDRFGPPGPPEKPEVSNVTKNTATVSWKRPVDDGGSEITGYHVERREKKSLRWVRAIKTPVSDLRCKVTGLQEGSTYEFRVSAENRAGIGPPSEASDSVLMKDAAYPPGPPSNPHVTDTTKKSASLAWGKPHYDGGLEITGYVVEHQKVGDEAWIKDTTGTALRITQFVVPDLQTKEKYNFRISAINDAGVGEPAVIPDVEIVEREMAPDFELDAELRRTLVVRAGLSIRIFVPIKGRPAPEVTWTKDNINLKNRANIENTESFTLLIIPECNRYDTGKFVMTIENPAGKKSGFVNVRVLDTPGPVLNLRPTDITKDSVTLHWDLPLIDGGSRITNYIVEKREATRKSYSTATTKCHKCTYKVTGLSEGCEYFFRVMAENEYGIGEPTETTEPVKASEAPSPPDSLNIMDITKSTVSLAWPKPKHDGGSKITGYVIEAQRKGSDQWTHITTVKGLECVVRNLTEGEEYTFQVMAVNSAGRSAPRESRPVIVKEQTMLPELDLRGIYQKLVIAKAGDNIKVEIPVLGRPKPTVTWKKGDQILKQTQRVNFETTATSTILNINECVRSDSGPYPLTARNIVGEVGDVITIQVHDIPGPPTGPIKFDEVSSDFVTFSWDPPENDGGVPISNYVVEMRQTDSTTWVELATTVIRTTYKATRLTTGLEYQFRVKAQNRYGVGPGITSACIVANYPFKVPGPPGTPQVTAVTKDSMTISWHEPLSDGGSPILGYHVERKERNGILWQTVSKALVPGNIFKSSGLTDGIAYEFRVIAENMAGKSKPSKPSEPMLALDPIDPPGKPVPLNITRHTVTLKWAKPEYTGGFKITSYIVEKRDLPNGRWLKANFSNILENEFTVSGLTEDAAYEFRVIAKNAAGAISPPSEPSDAITCRDDVEAPKIKVDVKFKDTVILKAGEAFRLEADVSGRPPPTMEWSKDGKELEGTAKLEIKIADFSTNLVNKDSTRRDSGAYTLTATNPGGFAKHIFNVKVLDRPGPPEGPLAVTEVTSEKCVLSWFPPLDDGGAKIDHYIVQKRETSRLAWTNVASEVQVTKLKVTKLLKGNEYIFRVMAVNKYGVGEPLESEPVLAVNPYGPPDPPKNPEVTTITKDSMVVCWGHPDSDGGSEIINYIVERRDKAGQRWIKCNKKTLTDLRYKVSGLTEGHEYEFRIMAENAAGISAPSPTSPFYKACDTVFKPGPPGNPRVLDTSRSSISIAWNKPIYDGGSEITGYMVEIALPEEDEWQIVTPPAGLKATSYTITGLTENQEYKIRIYAMNSEGLGEPALVPGTPKAEDRMLPPEIELDADLRKVVTIRACCTLRLFVPIKGRPAPEVKWARDHGESLDKASIESTSSYTLLIVGNVNRFDSGKYILTVENSSGSKSAFVNVRVLDTPGPPQDLKVKEVTKTSVTLTWDPPLLDGGSKIKNYIVEKRESTRKAYSTVATNCHKTSWKVDQLQEGCSYYFRVLAENEYGIGLPAETAESVKASERPLPPGKITLMDVTRNSVSLSWEKPEHDGGSRILGYIVEMQTKGSDKWATCATVKVTEATITGLIQGEEYSFRVSAQNEKGISDPRQLSVPVIAKDLVIPPAFKLLFNTFTVLAGEDLKVDVPFIGRPTPAVTWHKDNVPLKQTTRVNAESTENNSLLTIKDACREDVGHYVVKLTNSAGEAIETLNVIVLDKPGPPTGPVKMDEVTADSITLSWGPPKYDGGSSINNYIVEKRDTSTTTWQIVSATVARTTIKACRLKTGCEYQFRIAAENRYGKSTYLNSEPTVAQYPFKVPGPPGTPVVTLSSRDSMEVQWNEPISDGGSRVIGYHLERKERNSILWVKLNKTPIPQTKFKTTGLEEGVEYEFRVSAENIVGIGKPSKVSECYVARDPCDPPGRPEAIIVTRNSVTLQWKKPTYDGGSKITGYIVEKKELPEGRWMKASFTNIIDTHFEVTGLVEDHRYEFRVIARNAAGVFSEPSESTGAITARDEVDPPRISMDPKYKDTIVVHAGESFKVDADIYGKPIPTIQWIKGDQELSNTARLEIKSTDFATSLSVKDAVRVDSGNYILKAKNVAGERSVTVNVKVLDRPGPPEGPVVISGVTAEKCTLAWKPPLQDGGSDIINYIVERRETSRLVWTVVDANVQTLSCKVTKLLEGNEYTFRIMAVNKYGVGEPLESEPVVAKNPFVVPDAPKAPEVTTVTKDSMIVVWERPASDGGSEILGYVLEKRDKEGIRWTRCHKRLIGELRLRVTGLIENHDYEFRVSAENAAGLSEPSPPSAYQKACDPIYKPGPPNNPKVIDITRSSVFLSWSKPIYDGGCEIQGYIVEKCDVSVGEWTMCTPPTGINKTNIEVEKLLEKHEYNFRICAINKAGVGEHADVPGPIIVEEKLEAPDIDLDLELRKIINIRAGGSLRLFVPIKGRPTPEVKWGKVDGEIRDAAIIDVTSSFTSLVLDNVNRYDSGKYTLTLENSSGTKSAFVTVRVLDTPSPPVNLKVTEITKDSVSITWEPPLLDGGSKIKNYIVEKREATRKSYAAVVTNCHKNSWKIDQLQEGCSYYFRVTAENEYGIGLPAQTADPIKVAEVPQPPGKITVDDVTRNSVSLSWTKPEHDGGSKIIQYIVEMQAKHSEKWSECARVKSLQAVITNLTQGEEYLFRVVAVNEKGRSDPRSLAVPIVAKDLVIEPDVKPAFSSYSVQVGQDLKIEVPISGRPKPTITWTKDGLPLKQTTRINVTDSLDLTTLSIKETHKDDGGQYGITVANVVGQKTASIEIVTLDKPDPPKGPVKFDDVSAESITLSWNPPLYTGGCQITNYIVQKRDTTTTVWDVVSATVARTTLKVTKLKTGTEYQFRIFAENRYGQSFALESDPIVAQYPYKEPGPPGTPFATAISKDSMVIQWHEPVNNGGSPVIGYHLERKERNSILWTKVNKTIIHDTQFKAQNLEEGIEYEFRVYAENIVGVGKASKNSECYVARDPCDPPGTPEPIMVKRNEITLQWTKPVYDGGSMITGYIVEKRDLPDGRWMKASFTNVIETQFTVSGLTEDQRYEFRVIAKNAAGAISKPSDSTGPITAKDEVELPRISMDPKFRDTIVVNAGETFRLEADVHGKPLPTIEWLRGDKEIEESARCEIKNTDFKALLIVKDAIRIDGGQYILRASNVAGSKSFPVNVKVLDRPGPPEGPVQVTGVTSEKCSLTWSPPLQDGGSDISHYVVEKRETSRLAWTVVASEVVTNSLKVTKLLEGNEYVFRIMAVNKYGVGEPLESAPVLMKNPFVLPGPPKSLEVTNIAKDSMTVCWNRPDSDGGSEIIGYIVEKRDRSGIRWIKCNKRRITDLRLRVTGLTEDHEYEFRVSAENAAGVGEPSPATVYYKACDPVFKPGPPTNAHIVDTTKNSITLAWGKPIYDGGSEILGYVVEICKADEEEWQIVTPQTGLRVTRFEISKLTEHQEYKIRVCALNKVGLGEATSVPGTVKPEDKLEAPELDLDSELRKGIVVRAGGSARIHIPFKGRPTPEITWSREEGEFTDKVQIEKGVNYTQLSIDNCDRNDAGKYILKLENSSGSKSAFVTVKVLDTPGPPQNLAVKEVRKDSAFLVWEPPIIDGGAKVKNYVIDKRESTRKAYANVSSKCSKTSFKVENLTEGAIYYFRVMAENEFGVGVPVETVDAVKAAEPPSPPGKVTLTDVSQTSASLMWEKPEHDGGSRVLGYVVEMQPKGTEKWSIVAESKVCNAVVTGLSSGQEYQFRVKAYNEKGKSDPRVLGVPVIAKDLTIQPSLKLPFNTYSIQAGEDLKIEIPVIGRPRPNISWVKDGEPLKQTTRVNVEETATSTVLHIKEGNKDDFGKYTVTATNSAGTATENLSVIVLEKPGPPVGPVRFDEVSADFVVISWEPPAYTGGCQISNYIVEKRDTTTTTWHMVSATVARTTIKITKLKTGTEYQFRIFAENRYGKSAPLDSKAVIVQYPFKEPGPPGTPFVTSISKDQMLVQWHEPVNDGGTKIIGYHLEQKEKNSILWVKLNKTPIQDTKFKTTGLDEGLEYEFKVSAENIVGIGKPSKVSECFVARDPCDPPGRPEAIVITRNNVTLKWKKPAYDGGSKITGYIVEKKDLPDGRWMKASFTNVLETEFTVSGLVEDQRYEFRVIARNAAGNFSEPSDSSGAITARDEIDAPNASLDPKYKDVIVVHAGETFVLEADIRGKPIPDVVWSKDGKELEETAARMEIKSTIQKTTLVVKDCIRTDGGQYILKLSNVGGTKSIPITVKVLDRPGPPEGPLKVTGVTAEKCYLAWNPPLQDGGANISHYIIEKRETSRLSWTQVSTEVQALNYKVTKLLPGNEYIFRVMAVNKYGIGEPLESGPVTACNPYKPPGPPSTPEVSAITKDSMVVTWARPVDDGGTEIEGYILEKRDKEGVRWTKCNKKTLTDLRLRVTGLTEGHSYEFRVAAENAAGVGEPSEPSVFYRACDALYPPGPPSNPKVTDTSRSSVSLAWSKPIYDGGAPVKGYVVEVKEAAADEWTTCTPPTGLQGKQFTVTKLKENTEYNFRICAINSEGVGEPATLPGSVVAQERIEPPEIELDADLRKVVVLRASATLRLFVTIKGRPEPEVKWEKAEGILTDRAQIEVTSSFTMLVIDNVTRFDSGRYNLTLENNSGSKTAFVNVRVLDSPSAPVNLTIREVKKDSVTLSWEPPLIDGGAKITNYIVEKRETTRKAYATITNNCTKTTFRIENLQEGCSYYFRVLASNEYGIGLPAETTEPVKVSEPPLPPGRVTLVDVTRNTATIKWEKPESDGGSKITGYVVEMQTKGSEKWSTCTQVKTLEATISGLTAGEEYVFRVAAVNEKGRSDPRQLGVPVIARDIEIKPSVELPFHTFNVKAREQLKIDVPFKGRPQATVNWRKDGQTLKETTRVNVSSSKTVTSLSIKEASKEDVGTYELCVSNSAGSITVPITIIVLDRPGPPGPIRIDEVSCDSITISWNPPEYDGGCQISNYIVEKKETTSTTWHIVSQAVARTSIKIVRLTTGSEYQFRVCAENRYGKSSYSESSAVVAEYPFSPPGPPGTPKVVHATKSTMLVTWQVPVNDGGSRVIGYHLEYKERSSILWSKANKILIADTQMKVSGLDEGLMYEYRVYAENIAGIGKCSKSCEPVPARDPCDPPGQPEVTNITRKSVSLKWSKPHYDGGAKITGYIVERRELPDGRWLKCNYTNIQETYFEVTELTEDQRYEFRVFARNAADSVSEPSESTGPIIVKDDVEPPRVMMDVKFRDVIVVKAGEVLKINADIAGRPLPVISWAKDGIEIEERARTEIISTDNHTLLTVKDCIRRDTGQYVLTLKNVAGTRSVAVNCKVLDKPGPPAGPLEINGLTAEKCSLSWGRPQEDGGADIDYYIVEKRETSHLAWTICEGELQMTSCKVTKLLKGNEYIFRVTGVNKYGVGEPLESVAIKALDPFTVPSPPTSLEITSVTKESMTLCWSRPESDGGSEISGYIIERREKNSLRWVRVNKKPVYDLRVKSTGLREGCEYEYRVYAENAAGLSLPSETSPLIRAEDPVFLPSPPSKPKIVDSGKTTITIAWVKPLFDGGAPITGYTVEYKKSDDTDWKTSIQSLRGTEYTISGLTTGAEYVFRVKSVNKVGASDPSDSSDPQIAKEREEEPLFDIDSEMRKTLIVKAGASFTMTVPFRGRPVPNVLWSKPDTDLRTRAYVDTTDSRTSLTIENANRNDSGKYTLTIQNVLSAASLTLVVKVLDTPGPPTNITVQDVTKESAVLSWDVPENDGGAPVKNYHIEKREASKKAWVSVTNNCNRLSYKVTNLQEGAIYYFRVSGENEFGVGIPAETKEGVKITEKPSPPEKLGVTSISKDSVSLTWLKPEHDGGSRIVHYVVEALEKGQKNWVKCAVAKSTHHVVSGLRENSEYFFRVFAENQAGLSDPRELLLPVLIKEQLEPPEIDMKNFPSHTVYVRAGSNLKVDIPISGKPLPKVTLSRDGVPLKATMRFNTEITAENLTINLKESVTADAGRYEITAANSSGTTKAFINIVVLDRPGPPTGPVVISDITEESVTLKWEPPKYDGGSQVTNYILLKRETSTAVWTEVSATVARTMMKVMKLTTGEEYQFRIKAENRFGISDHIDSACVTVKLPYTTPGPPSTPWVTNVTRESITVGWHEPVSNGGSAVVGYHLEMKDRNSILWQKANKLVIRTTHFKVTTISAGLIYEFRVYAENAAGVGKPSHPSEPVLAIDACEPPRNVRITDISKNSVSLSWQQPAFDGGSKITGYIVERRDLPDGRWTKASFTNVTETQFIISGLTQNSQYEFRVFARNAVGSISNPSEVVGPITCIDSYGGPVIDLPLEYTEVVKYRAGTSVKLRAGISGKPAPTIEWYKDDKELQTNALVCVENTTDLASILIKDADRLNSGCYELKLRNAMGSASATIRVQILDKPGPPGGPIEFKTVTAEKITLLWRPPADDGGAKITHYIVEKRETSRVVWSMVSEHLEECIITTTKIIKGNEYIFRVRAVNKYGIGEPLESDSVVAKNAFVTPGPPGIPEVTKITKNSMTVVWSRPIADGGSDISGYFLEKRDKKSLGWFKVLKETIRDTRQKVTGLTENSDYQYRVCAVNAAGQGPFSEPSEFYKAADPIDPPGPPAKIRIADSTKSSITLGWSKPVYDGGSAVTGYVVEIRQGEEEEWTTVSTKGEVRTTEYVVSNLKPGVNYYFRVSAVNCAGQGEPIEMNEPVQAKDILEAPEIDLDVALRTSVIAKAGEDVQVLIPFKGRPPPTVTWRKDEKNLGSDARYSIENTDSSSLLTIPQVTRNDTGKYILTIENGVGEPKSSTVSVKVLDTPAACQKLQVKHVSRGTVTLLWDPPLIDGGSPIINYVIEKRDATKRTWSVVSHKCSSTSFKLIDLSEKTPFFFRVLAENEIGIGEPCETTEPVKAAEVPAPIRDLSMKDSTKTSVILSWTKPDFDGGSVITEYVVERKGKGEQTWSHAGISKTCEIEVSQLKEQSVLEFRVFAKNEKGLSDPVTIGPITVKELIITPEVDLSDIPGAQVTVRIGHNVHLELPYKGKPKPSISWLKDGLPLKESEFVRFSKTENKITLSIKNAKKEHGGKYTVILDNAVCRIAVPITVITLGPPSKPKGPIRFDEIKADSVILSWDVPEDNGGGEITCYSIEKRETSQTNWKMVCSSVARTTFKVPNLVKDAEYQFRVRAENRYGVSQPLVSSIIVAKHQFRIPGPPGKPVIYNVTSDGMSLTWDAPVYDGGSEVTGFHVEKKERNSILWQKVNTSPISGREYRATGLVEGLDYQFRVYAENSAGLSSPSDPSKFTLAVSPVDPPGTPDYIDVTRETITLKWNPPLRDGGSKIVGYSIEKRQGNERWVRCNFTDVSECQYTVTGLSPGDRYEFRIIARNAVGTISPPSQSSGIIMTRDENVPPIVEFGPEYFDGLIIKSGESLRIKALVQGRPVPRVTWFKDGVEIEKRMNMEITDVLGSTSLFVRDATRDHRGVYTVEAKNASGSAKAEIKVKVQDTPGKVVGPIRFTNITGEKMTLWWDAPLNDGCAPITHYIIEKRETSRLAWALIEDKCEAQSYTAIKLINGNEYQFRVSAVNKFGVGRPLDSDPVVAQIQYTVPDAPGIPEPSNITGNSITLTWARPESDGGSEIQQYILERREKKSTRWVKVISKRPISETRFKVTGLTEGNEYEFHVMAENAAGVGPASGISRLIKCREPVNPPGPPTVVKVTDTSKTTVSLEWSKPVFDGGMEIIGYIIEMCKADLGDWHKVNAEACVKTRYTVTDLQAGEEYKFRVSAINGAGKGDSCEVTGTIKAVDRLTAPELDIDANFKQTHVVRAGASIRLFIAYQGRPTPTAVWSKPDSNLSLRADIHTTDSFSTLTVENCNRNDAGKYTLTVENNSGSKSITFTVKVLDTPGPPGPITFKDVTRGSATLMWDAPLLDGGARIHHYVVEKREASRRSWQVISEKCTRQIFKVNDLAEGVPYYFRVSAVNEYGVGEPYEMPEPIVATEQPAPPRRLDVVDTSKSSAVLAWLKPDHDGGSRITGYLLEMRQKGSDFWVEAGHTKQLTFTVERLVEKTEYEFRVKAKNDAGYSEPREAFSSVIIKEPQIEPTADLTGITNQLITCKAGSPFTIDVPISGRPAPKVTWKLEEMRLKETDRVSITTTKDRTTLTVKDSMRGDSGRYFLTLENTAGVKTFSVTVVVIGRPGPVTGPIEVSSVSAESCVLSWGEPKDGGGTEITNYIVEKRESGTTAWQLVNSSVKRTQIKVTHLTKYMEYSFRVSSENRFGVSKPLESAPIIAEHPFVPPSAPTRPEVYHVSANAMSIRWEEPYHDGGSKIIGYWVEKKERNTILWVKENKVPCLECNYKVTGLVEGLEYQFRTYALNAAGVSKASEASRPIMAQNPVDAPGRPEVTDVTRSTVSLIWSAPAYDGGSKVVGYIIERKPVSEVGDGRWLKCNYTIVSDNFFTVTALSEGDTYEFRVLAKNAAGVISKGSESTGPVTCRDEYAPPKAELDARLHGDLVTIRAGSDLVLDAAVGGKPEPKIIWTKGDKELDLCEKVSLQYTGKRATAVIKFCDRSDSGKYTLTVKNASGTKAVSVMVKVLDSPGPCGKLTVSRVTQEKCTLAWSLPQEDGGAEITHYIVERRETSRLNWVIVEGECPTLSYVVTRLIKNNEYIFRVRAVNKYGPGVPVESEPIVARNSFTIPSPPGIPEEVGTGKEHIIIQWTKPESDGGNEISNYLVDKREKKSLRWTRVNKDYVVYDTRLKVTSLMEGCDYQFRVTAVNAAGNSEPSEASNFISCREPSYTPGPPSAPRVVDTTKHSISLAWTKPMYDGGTDIVGYVLEMQEKDTDQWYRVHTNATIRNTEFTVPDLKMGQKYSFRVAAVNVKGMSEYSESIAEIEPVERIEIPDLELADDLKKTVTIRAGASLRLMVSVSGRPPPVITWSKQGIDLASRAIIDTTESYSLLIVDKVNRYDAGKYTIEAENQSGKKSATVLVKVYDTPGPCPSVKVKEVSRDSVTITWEIPTIDGGAPVNNYIVEKREAAMRAFKTVTTKCSKTLYRISGLVEGTMYYFRVLPENIYGIGEPCETSDAVLVSEVPLVPAKLEVVDVTKSTVTLAWEKPLYDGGSRLTGYVLEACKAGTERWMKVVTLKPTVLEHTVTSLNEGEQYLFRIRAQNEKGVSEPRETVTAVTVQDLRVLPTIDLSTMPQKTIHVPAGRPVELVIPIAGRPPPAASWFFAGSKLRESERVTVETHTKVAKLTIRETTIRDTGEYTLELKNVTGTTSETIKVIILDKPGPPTGPIKIDEIDATSITISWEPPELDGGAPLSGYVVEQRDAHRPGWLPVSESVTRSTFKFTRLTEGNEYVFRVAATNRFGIGSYLQSEVIECRSSIRIPGPPETLQIFDVSRDGMTLTWYPPEDDGGSQVTGYIVERKEVRADRWVRVNKVPVTMTRYRSTGLTEGLEYEHRVTAINARGSGKPSRPSKPIVAMDPIAPPGKPQNPRVTDTTRTSVSLAWSVPEDEGGSKVTGYLIEMQKVDQHEWTKCNTTPTKIREYTLTHLPQGAEYRFRVLACNAGGPGEPAEVPGTVKVTEMLEYPDYELDERYQEGIFVRQGGVIRLTIPIKGKPFPICKWTKEGQDISKRAMIATSETHTELVIKEADRGDSGTYDLVLENKCGKKAVYIKVRVIGSPNSPEGPLEYDDIQVRSVRVSWRPPADDGGADILGYILERREVPKAAWYTIDSRVRGTSLVVKGLKENVEYHFRVSAENQFGISKPLKSEEPVTPKTPLNPPEPPSNPPEVLDVTKSSVSLSWSRPKDDGGSRVTGYYIERKETSTDKWVRHNKTQITTTMYTVTGLVPDAEYQFRIIAQNDVGLSETSPASEPVVCKDPFDKPSQPGELEILSISKDSVTLQWEKPECDGGKEILGYWVEYRQSGDSAWKKSNKERIKDKQFTIGGLLEATEYEFRVFAENETGLSRPRRTAMSIKTKLTSGEAPGIRKEMKDVTTKLGEAAQLSCQIVGRPLPDIKWYRFGKELIQSRKYKMSSDGRTHTLTVMTEEQEDEGVYTCIATNEVGEVETSSKLLLQATPQFHPGYPLKEKYYGAVGSTLRLHVMYIGRPVPAMTWFHGQKLLQNSENITIENTEHYTHLVMKNVQRKTHAGKYKVQLSNVFGTVDAILDVEIQDKPDKPTGPIVIEALLKNSAVISWKPPADDGGSWITNYVVEKCEAKEGAEWQLVSSAISVTTCRIVNLTENAGYYFRVSAQNTFGISDPLEVSSVVIIKSPFEKPGAPGKPTITAVTKDSCVVAWKPPASDGGAKIRNYYLEKREKKQNKWISVTTEEIRETVFSVKNLIEGLEYEFRVKCENLGGESEWSEISEPITPKSDVPIQAPHFKEELRNLNVRYQSNATLVCKVTGHPKPIVKWYRQGKEIIADGLKYRIQEFKGGYHQLIIASVTDDDATVYQVRATNQGGSVSGTASLEVEVPAKIHLPKTLEGMGAVHALRGEVVSIKIPFSGKPDPVITWQKGQDLIDNNGHYQVIVTRSFTSLVFPNGVERKDAGFYVVCAKNRFGIDQKTVELDVADVPDPPRGVKVSDVSRDSVNLTWTEPASDGGSKITNYIVEKCATTAERWLRVGQARETRYTVINLFGKTSYQFRVIAENKFGLSKPSEPSEPTITKEDKTRAMNYDEEVDETREVSMTKASHSSTKELYEKYMIAEDLGRGEFGIVHRCVETSSKKTYMAKFVKVKGTDQVLVKKEISILNIARHRNILHLHESFESMEELVMIFEFISGLDIFERINTSAFELNEREIVSYVHQVCEALQFLHSHNIGHFDIRPENIIYQTRRSSTIKIIEFGQARQLKPGDNFRLLFTAPEYYAPEVHQHDVVSTATDMWSLGTLVYVLLSGINPFLAETNQQIIENIMNAEYTFDEEAFKEISIEAMDFVDRLLVKERKSRMTASEALQHPWLKQKIERVSTKVIRTLKHRRYYHTLIKKDLNMVVSAARISCGGAIRSQKGVSVAKVKVASIEIGPVSGQIMHAVGEEGGHVKYVCKIENYDQSTQVTWYFGVRQLENSEKYEITYEDGVAILYVKDITKLDDGTYRCKVVNDYGEDSSYAELFVKGVREVYDYYCRRTMKKIKRRTDTMRLLERPPEFTLPLYNKTAYVGENVRFGVTITVHPEPHVTWYKSGQKIKPGDNDKKYTFESDKGLYQLTINSVTTDDDAEYTVVARNKYGEDSCKAKLTVTLHPPPTDSTLRPMFKRLLANAECQEGQSVCFEIRVSGIPPPTLKWEKDGQPLSLGPNIEIIHEGLDYYALHIRDTLPEDTGYYRVTATNTAGSTSCQAHLQVERLRYKKQEFKSKEEHERHVQKQIDKTLRMAEILSGTESVPLTQVAKEALREAAVLYKPAVSTKTVKGEFRLEIEEKKEERKLRMPYDVPEPRKYKQTTIEEDQRIKQFVPMSDMKWYKKIRDQYEMPGKLDRVVQKRPKRIRLSRWEQFYVMPLPRITDQYRPKWRIPKLSQDDLEIVRPARRRTPSPDYDFYYRPRRRSLGDISDEELLLPIDDYLAMKRTEEERLRLEEELELGFSASPPSRSPPHFELSSLRYSSPQAHVKVEETRKDFRYSTYHIPTKAEASTSYAELRERHAQAAYRQPKQRQRIMAEREDEELLRPVTTTQHLSEYKSELDFMSKEEKSRKKSRRQREVTEITEIEEEYEISKHAQRESSSSASRLLRRRRSLSPTYIELMRPVSELIRSRPQPAEEYEDDTERRSPTPERTRPRSPSPVSSERSLSRFERSARFDIFSRYESMKAALKTQKTSERKYEVLSQQPFTLDHAPRITLRMRSHRVPCGQNTRFILNVQSKPTAEVKWYHNGVELQESSKIHYTNTSGVLTLEILDCHTDDSGTYRAVCTNYKGEASDYATLDVTGGDYTTYASQRRDEEVPRSVFPELTRTEAYAVSSFKKTSEMEASSSVREVKSQMTETRESLSSYEHSASAEMKSAALEEKSLEEKSTTRKIKTTLAARILTKPRSMTVYEGESARFSCDTDGEPVPTVTWLRKGQVLSTSARHQVTTTKYKSTFEISSVQASDEGNYSVVVENSEGKQEAEFTLTIQKARVTEKAVTSPPRVKSPEPRVKSPEAVKSPKRVKSPEPSHPKAVSPTETKPTPTEKVQHLPVSAPPKITQFLKAEASKEIAKLTCVVESSVLRAKEVTWYKDGKKLKENGHFQFHYSADGTYELKINNLTESDQGEYVCEISGEGGTSKTNLQFMGQAFKSIHEKVSKISETKKSDQKTTESTVTRKTEPKAPEPISSKPVIVTGLQDTTVSSDSVAKFAVKATGEPRPTAIWTKDGKAITQGGKYKLSEDKGGFFLEIHKTDTSDSGLYTCTVKNSAGSVSSSCKLTIKAIKDTEAQKVSTQKTSEITPQKKAVVQEEISQKALRSEEIKMSEAKSQEKLALKEEASKVLISEEVKKSAATSLEKSIVHEEITKTSQASEEVRTHAEIKAFSTQMSINEGQRLVLKANIAGATDVKWVLNGVELTNSEEYRYGVSGSDQTLTIKQASHRDEGILTCISKTKEGIVKCQYDLTLSKELSDAPAFISQPRSQNINEGQNVLFTCEISGEPSPEIEWFKNNLPISISSNVSISRSRNVYSLEIRNASVSDSGKYTIKAKNFRGQCSATASLMVLPLVEEPSREVVLRTSGDTSLQGSFSSQSVQMSASKQEASFSSFSSSSASSMTEMKFASMSAQSMSSMQESFVEMSSSSFMGISNMTQLESSTSKMLKAGIRGIPPKIEALPSDISIDEGKVLTVACAFTGEPTPEVTWSCGGRKIHSQEQGRFHIENTDDLTTLIIMDVQKQDGGLYTLSLGNEFGSDSATVNIHIRSI
Q23551,MVGAPRFTQKPSIQQTPTGDLLMECHLEADPQPTIAWQHSGNLLEPSGRVVQTLTPLGGSLYKATLVIKEPNAGDGGAYKCTARNQLGESNANINLNFAGAGGDEAKSRGPSFVGKPRIIPKDGGALIVMECKVKSASTPVAKWMKDGVPLSMGGLYHAIFSDLGDQTYLCQLEIRGPSSSDAGQYRCNIRNDQGETNANLALNFEEPDPSERQERKRSTASPRPSSRGPGSRPSSPKKSMKSREGTPKRTLKPREGSPSKKLRSRTSTPVNEEVSQSESRRSSRTDKMEVDQVSGASKRKPDGLPPPGGDEKKLRAGSPSTRKSPSRKSASPTPSRKGSSAGGAASGTTGASASATSATSGGSASSDASRDKYTRPPIVLEASRSQTGRIGGSVVLEVQWQCHSSTIIEWYRDGTLVRNSSEYSQSFNGSIAKLQVNKLTEEKSGLYKCHAKCDYGEGQSSAMVKIEQSDVEEELMKHRKDAEDEYQKEEQKSQTLQAETKKRVARRSKSKSKSPAPQAKKSTTSESGRQEASEVEHKRSSSVRPDPDEESQLDEIPSSGLTIPEERRRELLGQVGESDDEVSESISELPSFAGGKPRRKTDSPPKQDDMFSRDTLLRKTTTSTKNESSTVEEKTKLRKTVKKVDGELDFKAMVKLKKVKKEEGGTTEKSGFPLDHADSTSSVLSQESRSRRGSNAPFAKDGLPEQPANPFAQLKKVKSGAGGLEKSDSMASLKKLDLKKGKIDDNSDGAFKVQLKKVVKKEVKESTISVKEKNGTESGIKTEFKMEKRERTTLQKYEKTDSDGSKKEDKPKKVSIAPVSTNKSSDDEPSTPRHHKEVEEKSTSEELKAKVAGRQVGQKRNGAQKPEEPKNLLSQIQLKKVTKKAHDDTNELEGIKLKKVTTVPKHVADDDSQSESESRRGSVFGELRRGSRAPRDSADNSRRDSIRRSSIDMRRESVQEILEKTSTPLVPSGASGSAPKIVEVPENVTVVENETAILTCKVSGSPAPTFRWFKGSREVISGGRFKHITDGKEHTVALALLKCRSQDEGPYTLTIENVHGTDSADVKLLVTSDNGLDFRAMLKHRESQAGFQKDGEGGGAGGGGGEKKPMTEAERRQSLFPGKKVEKWDIPLPEKTVQQQVDKICEWKCTYSRPNAKIRWYKDRKEIFSGGLKYKIVIEKNVCTLIINNPEVDDTGKYTCEANGVPTHAQLTVLEPPMKYSFLNPLPNTQEIYRTKQAVLTCKVNTPRAPLVWYRGSKAIQEGDPRFIIEKDAVGRCTLTIKEVEEDDQAEWTARITQDVFSKVQVYVEEPRHTFVVPMKSQKVNESDLATLETDVNDKDAEVVWWHDGKRIDIDGVKFKVESSNRKRRLIINGARIEDHGEYKCTTKDDRTMAQLIVDAKNKFIVALKDTEVIEKDDVTLMCQTKDTKTPGIWFRNGKQISSMPGGKFETQSRNGTHTLKIGKIEMNEADVYEIDQAGLRGSCNVTVLEAEKRPILNWKPKKIEAKAGEPCVVKVPFQIKGTRRGDPKAQILKNGKPIDEEMRKLVEVIIKDDVAEIVFKNPQLADTGKWALELGNSAGTALAPFELFVKDKPKPPKGPLETKNVTAEGLDLVWGTPDPDEGAPVKAYIIEMQEGRSGNWAKVGETKGTDFKVKDLKEHGEYKFRVKALNECGLSDPLTGESVLAKNPYGVPGKPKNMDAIDVDKDHCTLAWEPPEEDGGAPITGYIIERREKSEKDWHQVGQTKPDCCELTDKKVVEDKEYLYRVKAVNKAGPGDPCDHGKPIKMKAKKASPEFTGGGIKDLRLKVGETIKYDVPISGEPLPECLWVVNGKPLKAVGRVKMSSERGKHIMKIENAVRADSGKFTITLKNSSGSCDSTATVTVVGRPTPPKGPLDIADVCADGATLSWNPPDDDGGDPLTGYIVEAQDMDNKGKYIEVGKVDPNTTTLKVNGLRNKGNYKFRVKAVNNEGESEPLSADQYTQIKDPWDEPGKPGRPEITDFDADRIDIAWEPPHKDGGAPIEEYIVEVRDPDTKEWKEVKRVPDTNASISGLKEGKEYQFRVRAVNKAGPGQPSEPSEKQLAKPKFIPAWLKHDNLKSITVKAGATVRWEVKIGGEPIPEVKWFKGNQQLENGIQLTIDTRKNEHTILCIPSAMRSDVGEYRLTVKNSHGADEEKANLTVLDRPSKPNGPLEVSDVFEDNLNLSWKPPDDDGGEPIEYYEVEKLDTATGRWVPCAKVKDTKAHIDGLKKGQTYQFRVKAVNKEGASDALSTDKDTKAKNPYDEPGKTGTPDVVDWDADRVSLEWEPPKSDGGAPITQYVIEKKGKHGRDWQECGKVSGDQTNAEILGLKEGEEYQFRVKAVNKAGPGEASDPSRKVVAKPRNLKPWIDREAMKTITIKVGNDVEFDVPVRGEPPPKKEWIFNEKPVDDQKIRIESEDYKTRFVLRGATRKHAGLYTLTATNASGSDKHSVEVIVLGKPSSPLGPLEVSNVYEDRADLEWKVPEDDGGAPIDHYEIEKMDLATGRWVPCGRSETTKTTVPNLQPGHEYKFRVRAVNKEGESDPLTTNTAILAKNPYEVPGKVDKPELVDWDKDHVDLAWNAPDDGGAPIEAFVIEKKDKNGRWEEALVVPGDQKTATVPNLKEGEEYQFRISARNKAGTGDPSDPSDRVVAKPRNLAPRIHREDLSDTTVKVGATLKFIVHIDGEPAPDVTWSFNGKGIGESKAQIENEPYISRFALPKALRKQSGKYTITATNINGTDSVTINIKVKSKPTKPKGPIEVTDVFEDRATLDWKPPEDDGGEPIEFYEIEKMNTKDGIWVPCGRSGDTHFTVDSLNKGDHYKFRVKAVNSEGPSDPLETETDILAKNPFDRPDRPGRPEPTDWDSDHVDLKWDPPLSDGGAPIEEYQIEKRTKYGRWEPAITVPGGQTTATVPDLTPNEEYEFRVVAVNKGGPSDPSDASKAVIAKPRNLKPHIDRDALKNLTIKAGQSISFDVPVSGEPAPTVTWHWPDNREIRNGGRVKLDNPEYQSKLVVKQMERGDSGTFTIKAVNANGEDEATVKINVIDKPTSPNGPLDVSDVHGDHVTLNWRAPDDDGGIPIENYVIEKYDTASGRWVPAAKVAGDKTTAVVDGLIPGHEYKFRVAAVNAEGESDPLETFGTTLAKDPFDKPGKTNAPEITDWDKDHVDLEWKPPANDGGAPIEEYVVEMKDEFSPFWNDVAHVPAGQTNATVGNLKEGSKYEFRIRAKNKAGLGDPSDSASAVAKARNVPPVIDRNSIQEIKVKAGQDFSLNIPVSGEPTPTITWTFEGTPVESDDRMKLNNEDGKTKFHVKRALRSDTGTYIIKAENENGTDTAEVKVTVLDHPSSPRGPLDVTNIVKDGCDLAWKEPEDDGGAEISHYVIEKQDAATGRWTACGESKDTNFHVDDLTQGHEYKFRVKAVNRHGDSDPLEAREAIIAKDPFDRADKPGTPEIVDWDKDHADLKWTPPADDGGAPIEGYLVEMRTPSGDWVPAVTVGAGELTATVDGLKPGQTYQFRVKALNKAGESTPSDPSRTMVAKPRHLAPKINRDMFVAQRVKAGQTLNFDVNVEGEPAPKIEWFLNGSPLSSGGNTHIDNNTDNNTKLTTKSTARADSGKYKIVATNESGKDEHEVDVNILDIPGAPEGPLRHKDITKESVVLKWDEPLDDGGSPITNYVVEKQEDGGRWVPCGETSDTSLKVNKLSEGHEYKFRVKAVNRQGTSAPLTSDHAIVAKNPFDEPDAPTDVTPVDWDKDHVDLEWKPPANDGGAPIDAYIVEKKDKFGDWVECARVDGKTTKATADNLTPGETYQFRVKAVNKAGPGKPSDPTGNVVAKPRRMAPKLNLAGLLDLRIKAGTPIKLDIAFEGEPAPVAKWKANDATIDTGARADVTNTPTSSAIHIFSAVRGDTGVYKIIVENEHGKDTAQCNVTVLDVPGTPEGPLKIDEIHKEGCTLNWKPPTDNGGTDVLHYIVEKMDTSRGTWQEVGTFPDCTAKVNKLVPGKEYAFRVKAVNLQGESKPLEAEEPIIAKNQFDVPDPVDKPEVTDWDKDRIDIKWNPTANNGGAPVTGYIVEKKEKGSAIWTEAGKTPGTTFSADNLKPGVEYEFRVIAVNAAGPSDPSDPTDPQITKARYLKPKILTASRKIKIKAGFTHNLEVDFIGAPDPTATWTVGDSGAALAPELLVDAKSSTTSIFFPSAKRADSGNYKLKVKNELGEDEAIFEVIVQDRPSAPEGPLEVSDVTKDSCVLNWKPPKDDGGAEISNYVVEKRDTKTNTWVPVSAFVTGTSITVPKLTEGHEYEFRVMAENTFGRSDSLNTDEPVLAKDPFGTPGKPGRPEIVDTDNDHIDIKWDPPRDNGGSPVDHYDIERKDAKTGRWIKVNTSPVQGTAFSDTRVQKGHTYEYRVVAVNKAGPGQPSDSSAAATAKPMHEAPKFDLDLDGKEFRVKAGEPLVITIPFTASPQPDISWTKEGGKPLAGVETTDSQTKLVIPSTRRSDSGPVKIKAVNPYGEAEANIKITVIDKPGAPENITYPAVSRHTCTLNWDAPKDDGGAEIAGYKIEYQEVGSQIWDKVPGLISGTAYTVRGLEHGQQYRFRIRAENAVGLSDYCQGVPVVIKDPFDPPGAPSTPEITGYDTNQVSLAWNPPRDDGGSPILGYVVERFEKRGGGDWAPVKMPMVKGTECIVPGLHENETYQFRVRAVNAAGHGEPSNGSEPVTCRPYVEKPGAPDAPRVGKITKNSAELTWNRPLRDGGAPIDGYIVEKKKLGDNDWTRCNDKPVRDTAFEVKNLGEKEEYEFRVIAVNSAGEGEPSKPSDLVLIEEQPGRPIFDINNLKDITVRAGETIQIRIPYAGGNPKPIIDLFNGNSPIFENERTVVDVNPGEIVITTTGSKRSDAGPYKISATNKYGKDTCKLNVFVLDAPGKPTGPIRATDIQADAMTLSWRPPKDNGGDAITNYVVEKRTPGGDWVTVGHPVGTTLRVRNLDANTPYEFRVRAENQYGVGEPLETDDAIVAKNPFDTPGAPGQPEAVETSEEAITLQWTRPTSDGGAPIQGYVIEKREVGSTEWTKAAFGNILDTKHRVTGLTPKKTYEFRVAAYNAAGQGEYSVNSVPITADNAPTRPKINMGMLTRDILAYAGERAKILVPFAASPAPKVTFSKGENKISPTDPRVKVEYSDFLATLTIEKSELTDGGLYFVELENSQGSDSASIRLKVVDKPASPQHIRVEDIAPDCCTLYWMPPSSDGGSPITNYIVEKLDLRHSDGKWEKVSSFVRNLNYTVGGLIKDNRYRFRVRAETQYGVSEPCELADVVVAKYQFEVPNQPEAPTVRDKDSTWAELEWDPPRDGGSKIIGYQVQYRDTSSGRWINAKMDLSEQCHARVTGLRQNGEFEFRIIAKNAAGFSKPSPPSERCQLKSRFGPPGPPIHVGAKSIGRNHCTITWMAPLEDGGSKITGYNVEIREYGSTLWTVASDYNVREPEFTVDKLREFNDYEFRVVAINAAGKGIPSLPSGPIKIQESGGSRPQIVVKPEDTAQPYNRRAVFTCEAVGRPEPTARWLRNGRELPESSRYRFEASDGVYKFTIKEVWDIDAGEYTVEVSNPYGSDTATANLVVQAPPVIEKDVPNTILPSGDLVRLKIYFSGTAPFRHSLVLNREEIDMDHPTIRIVEFDDHILITIPALSVREAGRYEYTVSNDSGEATTGFWLNVTGLPEAPQGPLHISNIGPSTATLSWRPPVTDGGSKITSYVVEKRDLSKDEWVTVTSNVKDMNYIVTGLFENHEYEFRVSAQNENGIGAPLVSEHPIIARLPFDPPTSPLNLEIVQVGGDYVTLSWQRPLSDGGGRLRGYIVEKQEEEHDEWFRCNQNPSPPNNYNVPNLIDGRKYRYRVFAVNDAGLSDLAELDQTLFQASGSGEGPKIVSPLSDLNEEVGRCVTFECEISGSPRPEYRWFKGCKELVDTSKYTLINKGDKQVLIINDLTSDDADEYTCRATNSSGTRSTRANLRIKTKPRVFIPPKYHGGYEAQKGETIELKIPYKAYPQGEARWTKDGEKIENNSKFSITTDDKFATLRISNASREDYGEYRVVVENSVGSDSGTVNVTVADVPEPPRFPIIENILDEAVILSWKPPALDGGSLVTNYTIEKREAMGGSWSPCAKSRYTYTTIEGLRAGKQYEFRIIAENKHGQSKPCEPTAPVLIPGDERKRRRGYDVDEQGKIVRGKGTVSSNYDNYVFDIWKQYYPQPVEIKHDHVLDHYDIHEELGTGAFGVVHRVTERATGNNFAAKFVMTPHESDKETVRKEIQTMSVLRHPTLVNLHDAFEDDNEMVMIYEFMSGGELFEKVADEHNKMSEDEAVEYMRQVCKGLCHMHENNYVHLDLKPENIMFTTKRSNELKLIDFGLTAHLDPKQSVKVTTGTAEFAAPEVAEGKPVGYYTDMWSVGVLSYILLSGLSPFGGENDDETLRNVKSCDWNMDDSAFSGISEDGKDFIRKLLLADPNTRMTIHQALEHPWLTPGNAPGRDSQIPSSRYTKIRDSIKTKYDAWPEPLPPLGRISNYSSLRKHRPQEYSIRDAFWDRSEAQPRFIVKPYGTEVGEGQSANFYCRVIASSPPVVTWHKDDRELKQSVKYMKRYNGNDYGLTINRVKGDDKGEYTVRAKNSYGTKEEIVFLNVTRHSEPLKFEPLEPMKKAPSPPRVEEFKERRSAPFFTFHLRNRLIQKNHQCKLTCSLQGNPNPTIEWMKDGHPVDEDRVQVSFRSGVCSLEIFNARVDDAGTYTVTATNDLGVDVSECVLTVQTKGGEPIPRVSSFRPRRAYDTLSTGTDVERSHSYADMRRRSLIRDVSPDVRSAADDLKTKITNELPSFTAQLSDSETEVGGSAEFSAAVSGQPEPLIEWLHNGERISESDSRFRASYVAGKATLRISDAKKSDEGQYLCRASNSAGQEQTRATLTVKGDQPLLNGHAGQAVESELRVTKHLGGEIVNNGESVTFEARVQGTPEEVLWMRNGQELTNGDKTSISQDGETLSFTINSADASDAGHYQLEVRSKGTNLVSVASLVVVGEKADPPVTRLPSSVSAPLGGSTAFTIEFENVEGLTVQWFRGSEKIEKNERVKSVKTGNTFKLDIKNVEQDDDGIYVAKVVKEKKAIAKYAAALLLV
Q9H782,MRPGTGAERGGLMVSEMESHPPSQGPGDGERRLSGSSLCSGSWVSADGFLRRRPSMGHPGMHYAPMGMHPMGQRANMPPVPHGMMPQMMPPMGGPPMGQMPGMMSSVMPGMMMSHMSQASMQPALPPGVNSMDVAAGTASGAKSMWTEHKSPDGRTYYYNTETKQSTWEKPDDLKTPAEQLLSKCPWKEYKSDSGKPYYYNSQTKESRWAKPKELEDLEGYQNTIVAGSLITKSNLHAMIKAEESSKQEECTTTSTAPVPTTEIPTTMSTMAAAEAAAAVVAAAAAAAAAAAAANANASTSASNTVSGTVPVVPEPEVTSIVATVVDNENTVTISTEEQAQLTSTPAIQDQSVEVSSNTGEETSKQETVADFTPKKEEEESQPAKKTYTWNTKEEAKQAFKELLKEKRVPSNASWEQAMKMIINDPRYSALAKLSEKKQAFNAYKVQTEKEEKEEARSKYKEAKESFQRFLENHEKMTSTTRYKKAEQMFGEMEVWNAISERDRLEIYEDVLFFLSKKEKEQAKQLRKRNWEALKNILDNMANVTYSTTWSEAQQYLMDNPTFAEDEELQNMDKEDALICFEEHIRALEKEEEEEKQKSLLRERRRQRKNRESFQIFLDELHEHGQLHSMSSWMELYPTISSDIRFTNMLGQPGSTALDLFKFYVEDLKARYHDEKKIIKDILKDKGFVVEVNTTFEDFVAIISSTKRSTTLDAGNIKLAFNSLLEKAEAREREREKEEARKMKRKESAFKSMLKQAAPPIELDAVWEDIRERFVKEPAFEDITLESERKRIFKDFMHVLEHECQHHHSKNKKHSKKSKKHHRKRSRSRSGSDSDDDDSHSKKKRQRSESRSASEHSSSAESERSYKKSKKHKKKSKKRRHKSDSPESDAEREKDKKEKDRESEKDRTRQRSESKHKSPKKKTGKDSGNWDTSGSELSEGELEKRRRTLLEQLDDDQ
